Zeina Daboul,2025-12-07 11:58:33,20251207115833_599,1998,1598,400,GPA2Bench,GPA2Bench,gpt-3.5-turbo,gpt-3.5-turbo,['CS' 'HSS' 'PHX'],['CS' 'HSS' 'PHX'],0.97,0.9699992499812495,0.97004700470047,0.97,0.97015,1,0.975,0.9698492462311558,0.9747474747474747,0.965,"[467687, 205708, 219709, 470103, 721030]","[354674, 43247, 256732, 552585, 551148, 59504, 409526]","{""sentiment"": 0.19930005777085238, ""VBG"": 0.09257278358587152, ""this"": 0.067263681536025, ""is"": 0.05436411932563769, ""through"": 0.04940593578034992, ""and"": 0.03758643608714003, ""VBN"": 0.03529622608358922, ""are"": 0.03111527777460221, ""RB"": 0.02691097754183762, ""into"": 0.021770940505072427}"
Zeina Daboul,2025-12-07 11:58:34,20251207115834_766,1998,1598,400,GPA2Bench,GPA2Bench,gpt-3.5-turbo,gpt-3.5-turbo,['CS' 'HSS' 'PHX'],['CS' 'HSS' 'PHX'],0.9575,0.9574976092405199,0.9576029606661498,0.9575,0.95782,1,0.965,0.9571788413098237,0.9644670050761421,0.95,"[459697, 223583, 466533, 452227, 491618, 481278, 456574]","[98352, 113630, 257169, 296455, 341393, 352693, 294753, 598487, 10729, 364339]","{""sentiment"": 0.18733129331231715, ""VBG"": 0.0838745343961344, ""this"": 0.06089214260387139, ""and"": 0.059148605131839165, ""is"": 0.05340001145695727, ""through"": 0.04779075590281522, ""VBN"": 0.03291482795643163, ""are"": 0.026282199934403602, ""RB"": 0.02560301854062868, ""NNS"": 0.022561048963559652}"
Zeina Daboul,2025-12-07 11:58:34,20251207115834_49,1998,1598,400,GPA2Bench,GPA2Bench,gpt-3.5-turbo,gpt-3.5-turbo,['CS' 'HSS' 'PHX'],['CS' 'HSS' 'PHX'],0.9725,0.9724915755450106,0.9730795224149582,0.9725,0.97297,1,0.99,0.9720101781170484,0.9896373056994818,0.955,"[236993, 232434]","[187212, 566529, 281497, 532744, 11954, 6995, 111397, 30237, 509360]","{""sentiment"": 0.2105682619572185, ""VBG"": 0.07612139292979728, ""is"": 0.07075390476920922, ""this"": 0.06420880683442715, ""and"": 0.05040234586644553, ""through"": 0.03139479619784526, ""RB"": 0.030707968186097823, ""into"": 0.02847569802333071, ""VBN"": 0.025896893907751257, ""are"": 0.02385484156129424}"
Zeina Daboul,2025-12-07 11:58:35,20251207115835_75,1998,1598,400,GPA2Bench,GPA2Bench,gpt-3.5-turbo,gpt-3.5-turbo,['CS' 'HSS' 'PHX'],['CS' 'HSS' 'PHX'],0.96,0.9599959995999601,0.9601840736294517,0.96,0.9604,1,0.97,0.9595959595959596,0.9693877551020408,0.95,"[499656, 455687, 477622, 200081, 704163, 477081]","[122110, 310208, 73593, 48664, 44869, 622652, 289544, 105938, 58141, 121056]","{""sentiment"": 0.2229487233754634, ""VBG"": 0.0703390096749433, ""this"": 0.05801797537278417, ""is"": 0.04981124098475502, ""and"": 0.04444052970184938, ""through"": 0.04163548566588413, ""VBN"": 0.03625555073431082, ""RB"": 0.0330847359766322, ""are"": 0.029620424623294027, ""into"": 0.0284557749015835}"
Zeina Daboul,2025-12-07 11:58:36,20251207115836_473,1998,1598,400,GPA2Bench,GPA2Bench,gpt-3.5-turbo,gpt-3.5-turbo,['CS' 'HSS' 'PHX'],['CS' 'HSS' 'PHX'],0.97,0.9699992499812495,0.97004700470047,0.97,0.96985,1,0.965,0.9701492537313433,0.9653465346534653,0.975,"[249366, 222528, 204606, 497642, 462439, 214337, 465519]","[255639, 289433, 86715, 361423, 253658]","{""sentiment"": 0.20554000027457356, ""VBG"": 0.07942371377491618, ""this"": 0.06557803211661231, ""is"": 0.0530471008670307, ""and"": 0.05080199807548483, ""through"": 0.04717012045610651, ""are"": 0.03146886712025637, ""VBN"": 0.028023050004936715, ""RB"": 0.025233466671533398, ""into"": 0.024325519629253823}"
Zeina Daboul,2025-12-07 11:58:36,20251207115836_362,1998,1598,400,GPA2Bench,GPA2Bench,gpt-3.5-turbo,gpt-3.5-turbo,['CS' 'HSS' 'PHX'],['CS' 'HSS' 'PHX'],0.97,0.9699932484809082,0.9704233810429386,0.97,0.97044,1,0.985,0.9695431472081218,0.9845360824742269,0.955,"[223119, 235145, 470592]","[609744, 551251, 273875, 146722, 561793, 4540, 1018, 308575, 540720]","{""sentiment"": 0.20619389222783766, ""VBG"": 0.0988386421398363, ""this"": 0.06563752663473882, ""is"": 0.052633235125007574, ""through"": 0.04281539437007567, ""and"": 0.04192344642587144, ""are"": 0.029172232889214476, ""VBN"": 0.029062074370608672, ""be"": 0.02660590232601858, ""RB"": 0.022802630858959647}"
Zeina Daboul,2025-12-07 11:58:37,20251207115837_322,1998,1598,400,GPA2Bench,GPA2Bench,gpt-3.5-turbo,gpt-3.5-turbo,['CS' 'HSS' 'PHX'],['CS' 'HSS' 'PHX'],0.9825,0.9824998906243164,0.9825120628015699,0.9825,0.98246,1,0.98,0.9825436408977556,0.9800995024875622,0.985,"[493133, 705443, 237617, 228514]","[10502, 268544, 527153]","{""sentiment"": 0.19458296105683826, ""VBG"": 0.08248024220454556, ""this"": 0.06974817896276736, ""is"": 0.052341736902042524, ""and"": 0.04651031246051117, ""through"": 0.03666845434687134, ""are"": 0.031553318812563125, ""VBN"": 0.025296271121382122, ""RB"": 0.024255971715365997, ""into"": 0.02379632971858163}"
Zeina Daboul,2025-12-07 11:58:38,20251207115838_75,1998,1598,400,GPA2Bench,GPA2Bench,gpt-3.5-turbo,gpt-3.5-turbo,['CS' 'HSS' 'PHX'],['CS' 'HSS' 'PHX'],0.9825,0.9824998906243164,0.9825120628015699,0.9825,0.98246,1,0.98,0.9825436408977556,0.9800995024875622,0.985,"[458798, 235774, 493071, 248218]","[374282, 132845, 102413]","{""sentiment"": 0.20803977345736313, ""VBG"": 0.08648462790203014, ""this"": 0.06163315484060961, ""is"": 0.056775078646153575, ""and"": 0.053216213959571865, ""through"": 0.04508444440571927, ""VBN"": 0.028747812395647828, ""RB"": 0.02711868951696076, ""NNS"": 0.02467283162084347, ""into"": 0.020643620087309467}"
Zeina Daboul,2025-12-07 11:58:39,20251207115839_758,1998,1598,400,GPA2Bench,GPA2Bench,gpt-3.5-turbo,gpt-3.5-turbo,['CS' 'HSS' 'PHX'],['CS' 'HSS' 'PHX'],0.9875,0.987499296835447,0.9876097121852416,0.9875,0.98759,1,0.995,0.9874055415617129,0.9949238578680203,0.98,[226227],"[286974, 141234, 388347, 550542]","{""sentiment"": 0.19926579505962771, ""VBG"": 0.09152446050147287, ""this"": 0.07227244078122469, ""is"": 0.0452073733403565, ""and"": 0.04255597583827081, ""through"": 0.031398101956255114, ""VBN"": 0.031242172819976148, ""are"": 0.027414236822059217, ""RB"": 0.02416160873585308, ""into"": 0.023193320528706644}"
Zeina Daboul,2025-12-07 11:58:39,20251207115839_663,1998,1598,400,GPA2Bench,GPA2Bench,gpt-3.5-turbo,gpt-3.5-turbo,['CS' 'HSS' 'PHX'],['CS' 'HSS' 'PHX'],0.9875,0.9874999218745117,0.9875121878046952,0.9875,0.98753,1,0.99,0.9874686716791979,0.9899497487437185,0.985,"[487216, 708975]","[301938, 353486, 298722]","{""sentiment"": 0.2095486629618355, ""VBG"": 0.0719469472031946, ""is"": 0.06276468126446229, ""this"": 0.05750549768000696, ""through"": 0.04946241905783473, ""and"": 0.047544402305385286, ""are"": 0.034243102495845626, ""into"": 0.028954532128839028, ""RB"": 0.02433763688637645, ""be"": 0.023395571255633595}"
Zeina Daboul,2025-12-07 11:58:40,20251207115840_484,1998,1598,400,GPA2Bench,GPA2Bench,gpt-3.5-turbo,gpt-3.5-turbo,['CS' 'HSS' 'PHX'],['CS' 'HSS' 'PHX'],0.965,0.9649921232277262,0.9654188769892903,0.965,0.96552,1,0.98,0.9644670050761421,0.979381443298969,0.95,"[743181, 219869, 474684, 491821]","[135453, 278292, 640232, 398722, 41585, 293640, 281365, 320560, 351748, 598530]","{""sentiment"": 0.1992429241144029, ""VBG"": 0.07878418624806373, ""this"": 0.0656026932998605, ""is"": 0.059249587268010356, ""and"": 0.04378637200830515, ""VBN"": 0.03430385595630988, ""into"": 0.030279470351406376, ""be"": 0.027950303845618328, ""through"": 0.02611068497039171, ""NNS"": 0.02581168876694975}"
Zeina Daboul,2025-12-07 11:58:41,20251207115841_833,1998,1598,400,GPA2Bench,GPA2Bench,gpt-3.5-turbo,gpt-3.5-turbo,['CS' 'HSS' 'PHX'],['CS' 'HSS' 'PHX'],0.97,0.96999699969997,0.970188075230092,0.97,0.9697,1,0.96,0.9702970297029703,0.9607843137254902,0.98,"[460304, 476376, 234674, 222759, 475007, 493839, 245231, 226568]","[266343, 511645, 295741, 46322]","{""sentiment"": 0.2076033653147848, ""VBG"": 0.08063433317741488, ""this"": 0.0604150150978466, ""is"": 0.055008114431428244, ""and"": 0.049809354634603266, ""through"": 0.045352717496682085, ""VBN"": 0.03444041382042461, ""NNS"": 0.025640213628290213, ""be"": 0.024111862836774463, ""are"": 0.022889877479486058}"
Zeina Daboul,2025-12-07 11:58:41,20251207115841_263,1998,1598,400,GPA2Bench,GPA2Bench,gpt-3.5-turbo,gpt-3.5-turbo,['CS' 'HSS' 'PHX'],['CS' 'HSS' 'PHX'],0.9775,0.9774987343038046,0.9776074616788777,0.9775,0.97767,1,0.985,0.9773299748110831,0.9847715736040609,0.97,"[451833, 456340, 249316]","[40334, 287267, 116690, 278896, 286352, 20856]","{""sentiment"": 0.22611275825427818, ""VBG"": 0.07614469849767491, ""this"": 0.05746199868381648, ""is"": 0.05435630063078025, ""and"": 0.05214989895449094, ""through"": 0.03763930067775162, ""VBN"": 0.034003634020541774, ""are"": 0.024430681897388576, ""RB"": 0.023763584996327056, ""NNS"": 0.022770927416615124}"
Zeina Daboul,2025-12-07 11:58:42,20251207115842_68,1998,1598,400,GPA2Bench,GPA2Bench,gpt-3.5-turbo,gpt-3.5-turbo,['CS' 'HSS' 'PHX'],['CS' 'HSS' 'PHX'],0.9675,0.9674900438259217,0.9680733899026308,0.9675,0.96806,1,0.985,0.9669211195928753,0.9844559585492227,0.95,"[477058, 466170, 453582]","[148530, 250672, 619726, 592979, 33387, 332271, 6727, 82742, 7453, 124638]","{""sentiment"": 0.20952207861382555, ""VBG"": 0.08843585490787813, ""this"": 0.06708210809364305, ""is"": 0.05327126177108643, ""and"": 0.04669635555716065, ""through"": 0.038963991871943146, ""VBN"": 0.03406126372970286, ""are"": 0.029328186141610202, ""be"": 0.02563685053980314, ""into"": 0.023851741475264428}"
Zeina Daboul,2025-12-07 11:58:43,20251207115843_382,1998,1598,400,GPA2Bench,GPA2Bench,gpt-3.5-turbo,gpt-3.5-turbo,['CS' 'HSS' 'PHX'],['CS' 'HSS' 'PHX'],0.9825,0.9824998906243164,0.9825120628015699,0.9825,0.98246,1,0.98,0.9825436408977556,0.9800995024875622,0.985,"[452934, 474468, 485711, 453159]","[386210, 110347, 36679]","{""sentiment"": 0.20551342181807386, ""VBG"": 0.08759451317551786, ""is"": 0.06632249935569108, ""this"": 0.0639536565111981, ""and"": 0.0485650617829923, ""into"": 0.03431312287548549, ""VBN"": 0.03068574144751746, ""through"": 0.029706232988996953, ""be"": 0.025405701312924096, ""NNS"": 0.023529552852322177}"
Zeina Daboul,2025-12-07 11:58:44,20251207115844_749,1998,1598,400,GPA2Bench,GPA2Bench,gpt-3.5-turbo,gpt-3.5-turbo,['CS' 'HSS' 'PHX'],['CS' 'HSS' 'PHX'],0.9675,0.9674981717721621,0.9676052111725139,0.9675,0.96774,1,0.975,0.9672544080604534,0.9746192893401016,0.96,"[227320, 743471, 458795, 229944, 476576]","[67845, 291486, 117914, 534208, 32345, 355388, 261454, 266327]","{""sentiment"": 0.20124203633821316, ""VBG"": 0.08629410074917598, ""this"": 0.06175784801156917, ""through"": 0.05613467890082596, ""is"": 0.053321270592826465, ""and"": 0.048713609691500764, ""VBN"": 0.030480034839774482, ""RB"": 0.025978007969473402, ""be"": 0.022709093357775403, ""NNS"": 0.022461720652865613}"
Zeina Daboul,2025-12-07 11:58:44,20251207115844_966,1998,1598,400,GPA2Bench,GPA2Bench,gpt-3.5-turbo,gpt-3.5-turbo,['CS' 'HSS' 'PHX'],['CS' 'HSS' 'PHX'],0.9725,0.9724998281239258,0.97251181279532,0.9725,0.97243,1,0.97,0.972568578553616,0.9701492537313433,0.975,"[474433, 494674, 494432, 237800, 481114, 466533]","[108299, 283356, 282844, 280438, 298280]","{""sentiment"": 0.19436303462663734, ""VBG"": 0.08254595394345039, ""and"": 0.05999439718298985, ""this"": 0.05867795108950344, ""is"": 0.05646721139898641, ""through"": 0.04044416138483753, ""VBN"": 0.033096633269436085, ""be"": 0.03142300349435438, ""NNS"": 0.028485723052109748, ""are"": 0.0223567831273519}"
Zeina Daboul,2025-12-07 11:58:45,20251207115845_9,1998,1598,400,GPA2Bench,GPA2Bench,gpt-3.5-turbo,gpt-3.5-turbo,['CS' 'HSS' 'PHX'],['CS' 'HSS' 'PHX'],0.975,0.9749899959983993,0.975761217948718,0.975,0.97549,1,0.995,0.9744897959183674,0.9947916666666666,0.955,[211171],"[283682, 528780, 182241, 326770, 296289, 530096, 561584, 131497, 137467]","{""sentiment"": 0.21120471589974701, ""VBG"": 0.07486916281240641, ""and"": 0.05715711471313006, ""is"": 0.05301970529103673, ""through"": 0.04532701824977616, ""this"": 0.04525057621304283, ""RB"": 0.03621065018592978, ""VBN"": 0.034311959917665134, ""NNS"": 0.02526686155502036, ""are"": 0.023480882316917827}"
Zeina Daboul,2025-12-07 11:58:46,20251207115846_654,1998,1598,400,GPA2Bench,GPA2Bench,gpt-3.5-turbo,gpt-3.5-turbo,['CS' 'HSS' 'PHX'],['CS' 'HSS' 'PHX'],0.98,0.9799994999874997,0.98004800480048,0.98,0.9801,1,0.985,0.9798994974874372,0.9848484848484849,0.975,"[471211, 458813, 455355]","[37333, 281488, 57718, 75873, 284847]","{""sentiment"": 0.22083551608666582, ""is"": 0.07058597079919458, ""VBG"": 0.06333831432260902, ""this"": 0.05138921882527707, ""and"": 0.048733892175084705, ""through"": 0.04323019175306546, ""VBN"": 0.030059709432092848, ""NNS"": 0.02836525498164613, ""are"": 0.02629529135986382, ""be"": 0.025882190047090452}"
Zeina Daboul,2025-12-07 11:58:46,20251207115846_145,1998,1598,400,GPA2Bench,GPA2Bench,gpt-3.5-turbo,gpt-3.5-turbo,['CS' 'HSS' 'PHX'],['CS' 'HSS' 'PHX'],0.9775,0.9774987343038046,0.9776074616788777,0.9775,0.97767,1,0.985,0.9773299748110831,0.9847715736040609,0.97,"[476887, 212021, 231166]","[540024, 8382, 5763, 133562, 536810, 119335]","{""sentiment"": 0.19912032352732403, ""VBG"": 0.07602583467656429, ""is"": 0.068154920463307, ""and"": 0.05542401127275465, ""this"": 0.05430568323075001, ""through"": 0.04184093097218359, ""NNS"": 0.033223309056885496, ""are"": 0.02552649661023289, ""be"": 0.024897612515553936, ""VBN"": 0.021466300407664715}"
Zeina Daboul,2025-12-07 11:58:47,20251207115847_85,1998,1598,400,GPA2Bench,GPA2Bench,gpt-3.5-turbo,gpt-3.5-turbo,['CS' 'HSS' 'PHX'],['CS' 'HSS' 'PHX'],0.98,0.9799954989872722,0.9804323891502352,0.98,0.9803,1,0.995,0.9796954314720813,0.9948453608247423,0.965,[202253],"[123830, 42762, 37133, 120510, 378882, 190787, 593369]","{""sentiment"": 0.18269550245009814, ""VBG"": 0.07966908065900663, ""is"": 0.0713851132088762, ""this"": 0.06303551663708383, ""and"": 0.05208876224518365, ""through"": 0.036754678726049685, ""into"": 0.028888844875970494, ""VBN"": 0.028043657517941252, ""be"": 0.024276933700794163, ""PRP$"": 0.023255774029682222}"
Zeina Daboul,2025-12-07 11:58:48,20251207115848_929,1998,1598,400,GPA2Bench,GPA2Bench,gpt-3.5-turbo,gpt-3.5-turbo,['CS' 'HSS' 'PHX'],['CS' 'HSS' 'PHX'],0.97,0.9699932484809082,0.9704233810429386,0.97,0.97044,1,0.985,0.9695431472081218,0.9845360824742269,0.955,"[483132, 464423, 237034]","[76395, 42328, 353001, 259355, 529612, 573434, 68939, 48927, 20472]","{""sentiment"": 0.20622665653474218, ""VBG"": 0.08760237567074133, ""this"": 0.07271515812143717, ""is"": 0.06188879499549273, ""and"": 0.04739564394180157, ""through"": 0.03350002651883187, ""VBN"": 0.02934064329370536, ""into"": 0.027780460599295276, ""NNS"": 0.023012656570608477, ""are"": 0.022955906226381564}"
Zeina Daboul,2025-12-07 11:58:48,20251207115848_50,1998,1598,400,GPA2Bench,GPA2Bench,gpt-3.5-turbo,gpt-3.5-turbo,['CS' 'HSS' 'PHX'],['CS' 'HSS' 'PHX'],0.98,0.9799994999874997,0.98004800480048,0.98,0.9801,1,0.985,0.9798994974874372,0.9848484848484849,0.975,"[741442, 461322, 465538]","[72244, 286995, 13994, 591908, 13950]","{""sentiment"": 0.19392358941130355, ""VBG"": 0.07986153652962838, ""is"": 0.06726463559268359, ""this"": 0.052934578825050295, ""and"": 0.05057009402380064, ""through"": 0.03720041133774193, ""VBN"": 0.03335858371022428, ""NNS"": 0.027994541570068313, ""are"": 0.025609353764913245, ""RB"": 0.025200376312968443}"
Zeina Daboul,2025-12-07 11:58:49,20251207115849_444,1998,1598,400,GPA2Bench,GPA2Bench,gpt-3.5-turbo,gpt-3.5-turbo,['CS' 'HSS' 'PHX'],['CS' 'HSS' 'PHX'],0.97,0.9699932484809082,0.9704233810429386,0.97,0.97044,1,0.985,0.9695431472081218,0.9845360824742269,0.955,"[201849, 492429, 207483]","[260138, 4497, 16515, 130559, 644027, 42111, 26083, 22449, 536278]","{""sentiment"": 0.1814010756718033, ""this"": 0.06828925237333061, ""and"": 0.06775519431697222, ""is"": 0.06511784238323316, ""VBG"": 0.058585709610809694, ""through"": 0.03400167170742405, ""are"": 0.033382109604150244, ""NNS"": 0.027809630635540934, ""VBN"": 0.02683884805774611, ""into"": 0.025492274251134327}"
Zeina Daboul,2025-12-07 11:58:50,20251207115850_290,1998,1598,400,GPA2Bench,GPA2Bench,gpt-3.5-turbo,gpt-3.5-turbo,['CS' 'HSS' 'PHX'],['CS' 'HSS' 'PHX'],0.9875,0.9874999218745117,0.9875121878046952,0.9875,0.98753,1,0.99,0.9874686716791979,0.9899497487437185,0.985,"[233600, 218778]","[88926, 526503, 292152]","{""sentiment"": 0.199306750632447, ""VBG"": 0.06901650061243128, ""this"": 0.06343749804176758, ""is"": 0.05914910460062491, ""and"": 0.052254757585226595, ""through"": 0.04648175315272174, ""into"": 0.02866701446792742, ""are"": 0.02693538068087634, ""VBN"": 0.02641193094941412, ""be"": 0.02496238696182104}"
Zeina Daboul,2025-12-07 11:58:50,20251207115850_175,1998,1598,400,GPA2Bench,GPA2Bench,gpt-3.5-turbo,gpt-3.5-turbo,['CS' 'HSS' 'PHX'],['CS' 'HSS' 'PHX'],0.9825,0.9824998906243164,0.9825120628015699,0.9825,0.98246,1,0.98,0.9825436408977556,0.9800995024875622,0.985,"[487166, 221608, 468845, 489579]","[35783, 560902, 295120]","{""sentiment"": 0.17586168706380645, ""VBG"": 0.08291161772729982, ""this"": 0.0555311476926254, ""is"": 0.055480773544332625, ""and"": 0.05275971198091086, ""through"": 0.052327537172904136, ""VBN"": 0.031002248762632502, ""be"": 0.029150271298279185, ""RB"": 0.02835625980972639, ""are"": 0.025612557273260495}"
Zeina Daboul,2025-12-07 11:58:51,20251207115851_362,1998,1598,400,GPA2Bench,GPA2Bench,gpt-3.5-turbo,gpt-3.5-turbo,['CS' 'HSS' 'PHX'],['CS' 'HSS' 'PHX'],0.9725,0.9724957024535084,0.9727954971857412,0.9725,0.97284,1,0.985,0.9721518987341772,0.9846153846153847,0.96,"[489363, 478797, 232261]","[181553, 34798, 33387, 530240, 48514, 534878, 399830, 381220]","{""sentiment"": 0.18563207233287599, ""VBG"": 0.07059835574983965, ""is"": 0.06202088386803463, ""this"": 0.059744368879028495, ""and"": 0.052396959451982104, ""VBN"": 0.05039778048222472, ""through"": 0.031343385655973874, ""be"": 0.028373759342066145, ""are"": 0.026626010189720998, ""NNS"": 0.02391533971980367}"
Zeina Daboul,2025-12-07 11:58:52,20251207115852_993,1998,1598,400,GPA2Bench,GPA2Bench,gpt-3.5-turbo,gpt-3.5-turbo,['CS' 'HSS' 'PHX'],['CS' 'HSS' 'PHX'],0.9725,0.9724998281239258,0.97251181279532,0.9725,0.97257,1,0.975,0.9724310776942355,0.9748743718592965,0.97,"[226047, 203880, 211380, 229113, 497612]","[128830, 32431, 58924, 38248, 535311, 571059]","{""sentiment"": 0.18587607380819998, ""VBG"": 0.07817227950298773, ""is"": 0.06283153555080581, ""this"": 0.060133769781364275, ""through"": 0.05543312263795088, ""and"": 0.052211239611402414, ""be"": 0.028807371574165613, ""RB"": 0.027510306808188438, ""VBN"": 0.023930887447610457, ""into"": 0.02276382470445314}"
Zeina Daboul,2025-12-07 11:58:53,20251207115853_451,1998,1598,400,GPA2Bench,GPA2Bench,gpt-3.5-turbo,gpt-3.5-turbo,['CS' 'HSS' 'PHX'],['CS' 'HSS' 'PHX'],0.9675,0.9674981717721621,0.9676052111725139,0.9675,0.96774,1,0.975,0.9672544080604534,0.9746192893401016,0.96,"[497068, 490498, 461757, 450977, 483362]","[144967, 104819, 283739, 118099, 10957, 511606, 143682, 146000]","{""sentiment"": 0.2079500891010089, ""VBG"": 0.07088355070212521, ""this"": 0.060942407964717914, ""is"": 0.05621372164919564, ""and"": 0.05290324930436342, ""through"": 0.035947729456564, ""VBN"": 0.031725794610962886, ""RB"": 0.02833371653057561, ""be"": 0.02736775224187705, ""NNS"": 0.025303309852159204}"
Zeina Daboul,2025-12-07 11:58:53,20251207115853_491,1998,1598,400,GPA2Bench,GPA2Bench,gpt-3.5-turbo,gpt-3.5-turbo,['CS' 'HSS' 'PHX'],['CS' 'HSS' 'PHX'],0.9825,0.9824998906243164,0.9825120628015699,0.9825,0.98246,1,0.98,0.9825436408977556,0.9800995024875622,0.985,"[463610, 215628, 458204, 453565]","[279086, 19335, 283192]","{""sentiment"": 0.1885533683223308, ""VBG"": 0.08469694813757303, ""this"": 0.06689768651241397, ""is"": 0.06058990035269922, ""and"": 0.045786844898905894, ""through"": 0.034923783164822426, ""VBN"": 0.030883483942307603, ""are"": 0.02953764111259715, ""RB"": 0.02433337392020946, ""NNS"": 0.021793034169944655}"
Zeina Daboul,2025-12-07 11:58:54,20251207115854_62,1998,1598,400,GPA2Bench,GPA2Bench,gpt-3.5-turbo,gpt-3.5-turbo,['CS' 'HSS' 'PHX'],['CS' 'HSS' 'PHX'],0.97,0.9699992499812495,0.97004700470047,0.97,0.97015,1,0.975,0.9698492462311558,0.9747474747474747,0.965,"[213287, 201579, 249714, 204494, 210826]","[253828, 41889, 260771, 115901, 314079, 6686, 262995]","{""sentiment"": 0.20300047177611769, ""VBG"": 0.08774962736429175, ""this"": 0.06284434225489138, ""is"": 0.04948232936672269, ""through"": 0.04802026431613507, ""and"": 0.04503730430628556, ""are"": 0.030650567441349835, ""RB"": 0.026692318624040562, ""VBN"": 0.023979782027838376, ""NNS"": 0.023674784136996026}"
Zeina Daboul,2025-12-07 11:58:55,20251207115855_955,1998,1598,400,GPA2Bench,GPA2Bench,gpt-3.5-turbo,gpt-3.5-turbo,['CS' 'HSS' 'PHX'],['CS' 'HSS' 'PHX'],0.97,0.9699932484809082,0.9704233810429386,0.97,0.96954,1,0.955,0.9704433497536946,0.9563106796116505,0.985,"[494432, 241411, 465484, 485794, 727992, 248965, 231639, 229170, 249456]","[617460, 280864, 46396]","{""sentiment"": 0.18411441604483914, ""VBG"": 0.08279879211410181, ""this"": 0.05654323451583307, ""is"": 0.056424214417638535, ""and"": 0.04800043360506721, ""through"": 0.04183426692226604, ""NNS"": 0.03326591786515939, ""are"": 0.02946295419340216, ""RB"": 0.026319686693646923, ""be"": 0.025854139091893154}"
Zeina Daboul,2025-12-07 11:58:55,20251207115855_397,1998,1598,400,GPA2Bench,GPA2Bench,gpt-3.5-turbo,gpt-3.5-turbo,['CS' 'HSS' 'PHX'],['CS' 'HSS' 'PHX'],0.99,0.99,0.99,0.99,0.99,1,0.99,0.99,0.99,0.99,"[239651, 489494]","[338447, 541910]","{""sentiment"": 0.21379095110872348, ""VBG"": 0.0897835382020358, ""this"": 0.05280406074903349, ""is"": 0.05184105371724868, ""and"": 0.04933081592044823, ""through"": 0.0408838366720565, ""VBN"": 0.02859209637858172, ""are"": 0.027671586576258185, ""RB"": 0.02668295396610363, ""that"": 0.02314925659798008}"
Zeina Daboul,2025-12-07 11:58:56,20251207115856_227,1998,1598,400,GPA2Bench,GPA2Bench,gpt-3.5-turbo,gpt-3.5-turbo,['CS' 'HSS' 'PHX'],['CS' 'HSS' 'PHX'],0.9775,0.9774998593741211,0.977511937798445,0.9775,0.97744,1,0.975,0.9775561097256857,0.9751243781094527,0.98,"[471997, 451306, 498776, 224720, 209641]","[19886, 133038, 111937, 82324]","{""sentiment"": 0.22258118844484048, ""VBG"": 0.0773190963844222, ""is"": 0.05527099170897401, ""and"": 0.046465207145202726, ""this"": 0.04469070555978522, ""VBN"": 0.0434214298657048, ""through"": 0.03558615477474567, ""be"": 0.03511829220246109, ""NNS"": 0.03389995472278921, ""are"": 0.03158004708215646}"
Zeina Daboul,2025-12-07 11:58:57,20251207115857_872,1998,1598,400,GPA2Bench,GPA2Bench,gpt-3.5-turbo,gpt-3.5-turbo,['CS' 'HSS' 'PHX'],['CS' 'HSS' 'PHX'],0.985,0.9849996249906248,0.9850485048504851,0.985,0.98507,1,0.99,0.9849246231155779,0.98989898989899,0.98,"[467672, 715395]","[362264, 578302, 328009, 292670]","{""sentiment"": 0.19647272447458738, ""VBG"": 0.07579433115991416, ""this"": 0.0621309527813669, ""and"": 0.06018493588967975, ""is"": 0.049455450659775704, ""through"": 0.048701348817902286, ""VBN"": 0.03141918408328935, ""are"": 0.02953922493755674, ""RB"": 0.026258595637462512, ""NNS"": 0.021916403712916855}"
Zeina Daboul,2025-12-07 11:58:57,20251207115857_866,1998,1598,400,GPA2Bench,GPA2Bench,gpt-3.5-turbo,gpt-3.5-turbo,['CS' 'HSS' 'PHX'],['CS' 'HSS' 'PHX'],0.975,0.974997499749975,0.9751900760304122,0.975,0.97525,1,0.985,0.9747474747474747,0.9846938775510204,0.965,"[741473, 472026, 462561]","[131352, 566995, 255403, 555320, 294288, 133829, 117550]","{""sentiment"": 0.22497306989754698, ""VBG"": 0.07019127098714513, ""is"": 0.06976120862526379, ""this"": 0.055458431288728696, ""and"": 0.05195982442078899, ""are"": 0.03269305523273627, ""through"": 0.03187089557620312, ""NNS"": 0.03008016442748104, ""VBN"": 0.025651758964814638, ""RB"": 0.025502971611896165}"
Zeina Daboul,2025-12-07 11:58:58,20251207115858_203,1998,1598,400,GPA2Bench,GPA2Bench,gpt-3.5-turbo,gpt-3.5-turbo,['CS' 'HSS' 'PHX'],['CS' 'HSS' 'PHX'],0.975,0.974997499749975,0.9751900760304122,0.975,0.97525,1,0.985,0.9747474747474747,0.9846938775510204,0.965,"[236805, 242163, 746305]","[8625, 557550, 675000, 115896, 267812, 147159, 645214]","{""sentiment"": 0.16835094354872912, ""VBG"": 0.08205312885245952, ""through"": 0.06267020389191029, ""this"": 0.05869663170082769, ""is"": 0.05669916054652626, ""and"": 0.05659341021135081, ""are"": 0.031932127788227405, ""VBN"": 0.02686837285455349, ""be"": 0.02551897555028789, ""into"": 0.02441949191229742}"
Zeina Daboul,2025-12-07 11:58:59,20251207115859_127,1998,1598,400,GPA2Bench,GPA2Bench,gpt-3.5-turbo,gpt-3.5-turbo,['CS' 'HSS' 'PHX'],['CS' 'HSS' 'PHX'],0.975,0.975,0.975,0.975,0.975,1,0.975,0.975,0.975,0.975,"[703754, 474104, 469609, 456401, 485399]","[86013, 390128, 34023, 595960, 17901]","{""sentiment"": 0.20493002677196412, ""VBG"": 0.07649401289379139, ""is"": 0.06867552723062392, ""and"": 0.06143108289763329, ""through"": 0.049647036383689745, ""this"": 0.046474339276148094, ""VBN"": 0.04243634044427286, ""be"": 0.03229840925842308, ""RB"": 0.027228343831972455, ""are"": 0.021783423057772533}"
Zeina Daboul,2025-12-07 11:58:59,20251207115859_183,1998,1598,400,GPA2Bench,GPA2Bench,gpt-3.5-turbo,gpt-3.5-turbo,['CS' 'HSS' 'PHX'],['CS' 'HSS' 'PHX'],0.98,0.97999799979998,0.9801920768307323,0.98,0.9802,1,0.99,0.9797979797979798,0.9897959183673469,0.97,"[477058, 499316]","[579170, 1835, 31087, 284493, 378540, 360740]","{""sentiment"": 0.19826394945113443, ""VBG"": 0.08287345445628404, ""this"": 0.058286152088975696, ""is"": 0.055230068645553486, ""and"": 0.04587290627295958, ""are"": 0.04558796701296584, ""through"": 0.03748394546912658, ""VBN"": 0.033045395752281145, ""into"": 0.03167686679159459, ""be"": 0.02623565709370227}"
Zeina Daboul,2025-12-07 11:59:00,20251207115900_442,1998,1598,400,GPA2Bench,GPA2Bench,gpt-3.5-turbo,gpt-3.5-turbo,['CS' 'HSS' 'PHX'],['CS' 'HSS' 'PHX'],0.985,0.985,0.985,0.985,0.985,1,0.985,0.985,0.985,0.985,"[493549, 480050, 493971]","[309998, 9647, 262556]","{""sentiment"": 0.17755291161153866, ""VBG"": 0.07317895778396674, ""is"": 0.07002715098628907, ""this"": 0.05585750370051028, ""through"": 0.052821315274480564, ""and"": 0.05150671796973937, ""VBN"": 0.02945149496668321, ""that"": 0.024878469235919094, ""into"": 0.02435478470993681, ""NNS"": 0.022312547834618206}"
Zeina Daboul,2025-12-07 11:59:01,20251207115901_536,1998,1598,400,GPA2Bench,GPA2Bench,gpt-3.5-turbo,gpt-3.5-turbo,['CS' 'HSS' 'PHX'],['CS' 'HSS' 'PHX'],0.96,0.9599989999749994,0.96004600460046,0.96,0.9602,1,0.965,0.9597989949748744,0.9646464646464646,0.955,"[207990, 456950, 204833, 481426, 202374, 476222, 450526]","[318013, 380986, 380929, 296455, 294885, 281238, 86160, 520023, 3241]","{""sentiment"": 0.2049424578604235, ""VBG"": 0.08393232098872086, ""is"": 0.06545277463836315, ""this"": 0.06019600775392626, ""and"": 0.050798518711828985, ""through"": 0.035458470535713, ""VBN"": 0.031373249704459226, ""are"": 0.02630282040961465, ""NNS"": 0.02412799861580262, ""into"": 0.021202076562182783}"
Zeina Daboul,2025-12-07 11:59:01,20251207115901_524,1998,1598,400,GPA2Bench,GPA2Bench,gpt-3.5-turbo,gpt-3.5-turbo,['CS' 'HSS' 'PHX'],['CS' 'HSS' 'PHX'],0.99,0.9899997499937498,0.9900490049004901,0.99,0.99005,1,0.995,0.9899497487437185,0.9949494949494949,0.985,[733168],"[281183, 330111, 139848]","{""sentiment"": 0.1889068932769336, ""VBG"": 0.08842049324146167, ""is"": 0.07548031090537746, ""this"": 0.06350950937916187, ""through"": 0.04946181588714676, ""and"": 0.03498597100125654, ""VBN"": 0.027258038834589438, ""are"": 0.025866204492893334, ""NNS"": 0.022044560876103198, ""be"": 0.0204820514859304}"
Zeina Daboul,2025-12-07 11:59:02,20251207115902_645,1998,1598,400,GPA2Bench,GPA2Bench,gpt-3.5-turbo,gpt-3.5-turbo,['CS' 'HSS' 'PHX'],['CS' 'HSS' 'PHX'],0.9875,0.9874999218745117,0.9875121878046952,0.9875,0.98753,1,0.99,0.9874686716791979,0.9899497487437185,0.985,"[485490, 478011]","[277740, 359454, 313298]","{""sentiment"": 0.18440247692157805, ""VBG"": 0.07247851717408228, ""this"": 0.06885016687873115, ""and"": 0.05548707467455382, ""through"": 0.050898281557613265, ""is"": 0.04964713935681583, ""are"": 0.03427828013131046, ""VBN"": 0.03309628068323215, ""RB"": 0.02484235734130418, ""NNS"": 0.02447961976787634}"
Zeina Daboul,2025-12-07 11:59:03,20251207115903_727,1998,1598,400,GPA2Bench,GPA2Bench,gpt-3.5-turbo,gpt-3.5-turbo,['CS' 'HSS' 'PHX'],['CS' 'HSS' 'PHX'],0.9575,0.9574678350502569,0.9588881366132551,0.9575,0.95864,1,0.985,0.9562982005141388,0.9841269841269841,0.93,"[483169, 227841, 483694]","[24981, 70537, 252994, 350351, 23929, 134441, 117184, 146415, 546965, 284181, 537908, 290606, 39898, 122832]","{""sentiment"": 0.20984930021516957, ""VBG"": 0.08179380551034328, ""this"": 0.06395215979582893, ""and"": 0.06250249761288511, ""is"": 0.05979291524018644, ""through"": 0.038999058088867895, ""VBN"": 0.035383802441317974, ""are"": 0.03225941425749709, ""NNS"": 0.022066538783714854, ""RB"": 0.021686243676541567}"
Zeina Daboul,2025-12-07 11:59:03,20251207115903_567,1998,1598,400,GPA2Bench,GPA2Bench,gpt-3.5-turbo,gpt-3.5-turbo,['CS' 'HSS' 'PHX'],['CS' 'HSS' 'PHX'],0.98,0.9799994999874997,0.98004800480048,0.98,0.9799,1,0.975,0.9800995024875622,0.9752475247524752,0.985,"[459055, 735814, 210033, 742913, 468904]","[332460, 34464, 138819]","{""sentiment"": 0.20506855229759907, ""is"": 0.07524105614979586, ""VBG"": 0.06735977900977207, ""this"": 0.05202797487519091, ""and"": 0.04799252191091635, ""through"": 0.04618762479190631, ""VBN"": 0.034382513933478555, ""are"": 0.03091590234481732, ""NNS"": 0.026458841034558898, ""RB"": 0.026286832906497613}"
Zeina Daboul,2025-12-07 11:59:04,20251207115904_588,1998,1598,400,GPA2Bench,GPA2Bench,gpt-3.5-turbo,gpt-3.5-turbo,['CS' 'HSS' 'PHX'],['CS' 'HSS' 'PHX'],0.96,0.959983993597439,0.9607371794871794,0.96,0.96078,1,0.98,0.9591836734693877,0.9791666666666666,0.94,"[473147, 462489, 216614, 231018]","[161498, 304114, 336180, 81825, 40843, 76949, 252689, 361673, 396379, 542424, 282082, 342872]","{""sentiment"": 0.18473019944895291, ""VBG"": 0.08592384282584703, ""is"": 0.05485422017525212, ""this"": 0.046256367786204455, ""and"": 0.04315769439721666, ""through"": 0.04285712795412447, ""VBN"": 0.03287787207270483, ""are"": 0.029524317423673545, ""into"": 0.0278833667694141, ""NNS"": 0.026018674510889447}"
Zeina Daboul,2025-12-07 11:59:05,20251207115905_992,1998,1598,400,GPA2Bench,GPA2Bench,gpt-3.5-turbo,gpt-3.5-turbo,['CS' 'HSS' 'PHX'],['CS' 'HSS' 'PHX'],0.965,0.9649991249781245,0.9650465046504649,0.965,0.96517,1,0.97,0.964824120603015,0.9696969696969697,0.96,"[481331, 487837, 490111, 453780, 474169, 217731]","[395252, 411573, 7592, 112261, 521120, 131835, 556334, 296182]","{""sentiment"": 0.18059290999449037, ""VBG"": 0.08222095563482906, ""this"": 0.062316603415568446, ""is"": 0.052360929734925996, ""through"": 0.04521643790465344, ""and"": 0.04332613006238578, ""into"": 0.029423483032724917, ""VBN"": 0.02913762109180251, ""be"": 0.027213012856597062, ""are"": 0.022799873238511344}"
Zeina Daboul,2025-12-07 11:59:06,20251207115906_506,1998,1598,400,GPA2Bench,GPA2Bench,gpt-3.5-turbo,gpt-3.5-turbo,['CS' 'HSS' 'PHX'],['CS' 'HSS' 'PHX'],0.975,0.974997499749975,0.9751900760304122,0.975,0.97475,1,0.965,0.9752475247524752,0.9656862745098039,0.985,"[229170, 241096, 457900, 470364, 493150, 491861, 489352]","[395831, 576440, 297116]","{""sentiment"": 0.2156367819818753, ""VBG"": 0.07997012601052357, ""is"": 0.060293047120560835, ""through"": 0.051503000838185514, ""and"": 0.048938162915338784, ""this"": 0.04588896106800019, ""into"": 0.03196256431220994, ""VBN"": 0.030332998207573344, ""NNS"": 0.027185346749807694, ""are"": 0.023933814122472658}"
Zeina Daboul,2025-12-07 11:59:06,20251207115906_224,1998,1598,400,GPA2Bench,GPA2Bench,gpt-3.5-turbo,gpt-3.5-turbo,['CS' 'HSS' 'PHX'],['CS' 'HSS' 'PHX'],0.975,0.9749993749843746,0.975047504750475,0.975,0.97487,1,0.97,0.9751243781094527,0.9702970297029703,0.98,"[499534, 472355, 242975, 738555, 230073, 460459]","[526348, 540720, 384667, 15232]","{""sentiment"": 0.2169948539759773, ""VBG"": 0.08001982556526094, ""this"": 0.058640924817906386, ""is"": 0.050069986797320575, ""and"": 0.04886263159873885, ""through"": 0.044637134832486866, ""RB"": 0.030332190006751227, ""are"": 0.027900611884870297, ""VBN"": 0.027782097782558933, ""NNS"": 0.023233197595350506}"
Zeina Daboul,2025-12-07 11:59:07,20251207115907_651,1998,1598,400,GPA2Bench,GPA2Bench,gpt-3.5-turbo,gpt-3.5-turbo,['CS' 'HSS' 'PHX'],['CS' 'HSS' 'PHX'],0.9825,0.9824990155696258,0.9826085869320598,0.9825,0.98237,1,0.975,0.9826302729528535,0.9753694581280788,0.99,"[475865, 238886, 498602, 483964, 454926]","[277900, 525924]","{""sentiment"": 0.19010438918128522, ""VBG"": 0.07910724704029642, ""is"": 0.07494695378709065, ""and"": 0.055356082401497024, ""through"": 0.05333713385884327, ""this"": 0.04745681004142965, ""VBN"": 0.028129558075591202, ""NNS"": 0.026725938957354377, ""into"": 0.024465918483260754, ""RB"": 0.023880322806487605}"
Zeina Daboul,2025-12-07 11:59:08,20251207115908_578,1998,1598,400,GPA2Bench,GPA2Bench,gpt-3.5-turbo,gpt-3.5-turbo,['CS' 'HSS' 'PHX'],['CS' 'HSS' 'PHX'],0.97,0.97,0.97,0.97,0.97,1,0.97,0.97,0.97,0.97,"[470385, 227439, 701115, 475521, 232772, 457891]","[395065, 289743, 256995, 729, 29063, 278063]","{""sentiment"": 0.2015970490933264, ""VBG"": 0.08195443915869444, ""is"": 0.06033946875719337, ""and"": 0.05025779051192989, ""through"": 0.04564388350277981, ""this"": 0.04548556363299258, ""VBN"": 0.043904558236646345, ""NNS"": 0.030722287990655798, ""be"": 0.02427966747126872, ""are"": 0.023186439910369217}"
Zeina Daboul,2025-12-07 11:59:08,20251207115908_937,1998,1598,400,GPA2Bench,GPA2Bench,gpt-3.5-turbo,gpt-3.5-turbo,['CS' 'HSS' 'PHX'],['CS' 'HSS' 'PHX'],0.9875,0.9874999218745117,0.9875121878046952,0.9875,0.98753,1,0.99,0.9874686716791979,0.9899497487437185,0.985,"[459320, 453355]","[328215, 280665, 644012]","{""sentiment"": 0.18516482256577846, ""VBG"": 0.08366646062691087, ""is"": 0.060468539284301404, ""this"": 0.0588714016819104, ""and"": 0.049349324958036726, ""through"": 0.036674431233174806, ""RB"": 0.032000355111345885, ""be"": 0.02626690567310175, ""VBN"": 0.0242650235150667, ""NNS"": 0.02161796866922185}"
Zeina Daboul,2025-12-07 11:59:09,20251207115909_937,1998,1598,400,GPA2Bench,GPA2Bench,gpt-3.5-turbo,gpt-3.5-turbo,['CS' 'HSS' 'PHX'],['CS' 'HSS' 'PHX'],0.975,0.9749993749843746,0.975047504750475,0.975,0.97487,1,0.97,0.9751243781094527,0.9702970297029703,0.98,"[202086, 454299, 200558, 486870, 476886, 453143]","[27914, 298221, 4179, 21697]","{""sentiment"": 0.2192709507978906, ""VBG"": 0.08155438289517462, ""is"": 0.062273544731705134, ""this"": 0.055587537227582313, ""and"": 0.052314140564623336, ""through"": 0.04928403831844309, ""VBN"": 0.034000368920139135, ""are"": 0.025398678486061997, ""be"": 0.024702563527231547, ""RB"": 0.02199074595764806}"
Zeina Daboul,2025-12-07 11:59:10,20251207115910_676,1998,1598,400,GPA2Bench,GPA2Bench,gpt-3.5-turbo,gpt-3.5-turbo,['CS' 'HSS' 'PHX'],['CS' 'HSS' 'PHX'],0.9775,0.9774998593741211,0.977511937798445,0.9775,0.97756,1,0.98,0.9774436090225563,0.9798994974874372,0.975,"[213255, 464838, 227130, 203665]","[283712, 378180, 281497, 168274, 147159]","{""sentiment"": 0.23257933862039415, ""VBG"": 0.06409118337543068, ""is"": 0.06104245809965862, ""this"": 0.06102072662501862, ""through"": 0.045598293443209065, ""and"": 0.04424936651143765, ""into"": 0.029324651606319797, ""NNS"": 0.02382124158500111, ""VBN"": 0.023068849953151838, ""are"": 0.02293041144103679}"
Zeina Daboul,2025-12-07 11:59:10,20251207115910_441,1998,1598,400,GPA2Bench,GPA2Bench,gpt-3.5-turbo,gpt-3.5-turbo,['CS' 'HSS' 'PHX'],['CS' 'HSS' 'PHX'],0.975,0.9749993749843746,0.975047504750475,0.975,0.97512,1,0.98,0.9748743718592965,0.9797979797979798,0.97,"[200459, 463495, 488668, 474303]","[570435, 40370, 104151, 21767, 285605, 48589]","{""sentiment"": 0.19758396180450513, ""VBG"": 0.08820450867589216, ""and"": 0.0609983347497082, ""is"": 0.053420195361439805, ""through"": 0.04098816138384431, ""this"": 0.04063113595843041, ""VBN"": 0.03159220768608261, ""NNS"": 0.031019209795164652, ""RB"": 0.027098859164131746, ""are"": 0.02493491129777972}"
Zeina Daboul,2025-12-07 11:59:11,20251207115911_34,1998,1598,400,GPA2Bench,GPA2Bench,gpt-3.5-turbo,gpt-3.5-turbo,['CS' 'HSS' 'PHX'],['CS' 'HSS' 'PHX'],0.975,0.9749993749843746,0.975047504750475,0.975,0.97512,1,0.98,0.9748743718592965,0.9797979797979798,0.97,"[473151, 476880, 490401, 467527]","[34565, 618649, 250337, 522410, 384125, 332551]","{""sentiment"": 0.19133729376090627, ""VBG"": 0.09086416189811775, ""this"": 0.06746883096663156, ""and"": 0.06153652772054237, ""is"": 0.05165736520282903, ""through"": 0.03711973278978563, ""are"": 0.025433981565886228, ""NNS"": 0.025079317425543403, ""into"": 0.02453727004919938, ""VBN"": 0.024195824435912176}"
Zeina Daboul,2025-12-07 11:59:12,20251207115912_160,1998,1598,400,GPA2Bench,GPA2Bench,gpt-3.5-turbo,gpt-3.5-turbo,['CS' 'HSS' 'PHX'],['CS' 'HSS' 'PHX'],0.965,0.964996499649965,0.9651860744297719,0.965,0.96535,1,0.975,0.9646464646464646,0.9744897959183674,0.955,"[463164, 727256, 459303, 710467, 451767]","[538121, 7920, 379349, 28674, 623088, 581571, 362056, 348072, 571365]","{""sentiment"": 0.1949406797337588, ""VBG"": 0.09016212625294706, ""is"": 0.05886137415534635, ""and"": 0.0530467542315334, ""this"": 0.05030196897482266, ""through"": 0.04638170665275683, ""VBN"": 0.03059319989817474, ""RB"": 0.02718417905510893, ""NNS"": 0.026646485986119038, ""be"": 0.024195791840472585}"
Zeina Daboul,2025-12-07 11:59:12,20251207115912_388,1998,1598,400,GPA2Bench,GPA2Bench,gpt-3.5-turbo,gpt-3.5-turbo,['CS' 'HSS' 'PHX'],['CS' 'HSS' 'PHX'],0.975,0.974997499749975,0.9751900760304122,0.975,0.97525,1,0.985,0.9747474747474747,0.9846938775510204,0.965,"[228077, 748770, 470678]","[384955, 148810, 43274, 384196, 286611, 299883, 36828]","{""sentiment"": 0.1838454686076639, ""VBG"": 0.08640996062444331, ""this"": 0.06876990073678825, ""through"": 0.05574266190579479, ""is"": 0.05314797865865119, ""and"": 0.038657733284010426, ""VBN"": 0.03473090537137961, ""are"": 0.027876492152316117, ""RB"": 0.02739450811102198, ""be"": 0.023784284446038237}"
Zeina Daboul,2025-12-07 11:59:13,20251207115913_455,1998,1598,400,GPA2Bench,GPA2Bench,gpt-3.5-turbo,gpt-3.5-turbo,['CS' 'HSS' 'PHX'],['CS' 'HSS' 'PHX'],0.9725,0.9724984530379834,0.9726063364256958,0.9725,0.97229,1,0.965,0.9727047146401985,0.9655172413793104,0.98,"[235936, 450541, 456527, 200276, 472180, 496928, 472943]","[294599, 307379, 358727, 358528]","{""sentiment"": 0.2107533194654965, ""VBG"": 0.07534933919187457, ""this"": 0.06418118638705544, ""and"": 0.05184921291191948, ""is"": 0.04754863656494522, ""through"": 0.04555419015299836, ""VBN"": 0.03725889075875664, ""into"": 0.02897376912876345, ""are"": 0.028042274386771794, ""NNS"": 0.024863474090265476}"
Zeina Daboul,2025-12-07 11:59:14,20251207115914_160,1998,1598,400,GPA2Bench,GPA2Bench,gpt-3.5-turbo,gpt-3.5-turbo,['CS' 'HSS' 'PHX'],['CS' 'HSS' 'PHX'],0.9875,0.9874999218745117,0.9875121878046952,0.9875,0.98753,1,0.99,0.9874686716791979,0.9899497487437185,0.985,"[457437, 227358]","[28702, 111420, 294287]","{""sentiment"": 0.19813803940468305, ""VBG"": 0.0811781544482956, ""is"": 0.0567192023679088, ""and"": 0.049886541845725975, ""this"": 0.04929933777611379, ""VBN"": 0.03507103188928462, ""through"": 0.02779452051994076, ""are"": 0.026812890842571515, ""NNS"": 0.02501909553056682, ""that"": 0.024527685864726853}"
Zeina Daboul,2025-12-07 11:59:14,20251207115914_155,1998,1598,400,GPA2Bench,GPA2Bench,gpt-3.5-turbo,gpt-3.5-turbo,['CS' 'HSS' 'PHX'],['CS' 'HSS' 'PHX'],0.9775,0.9774998593741211,0.977511937798445,0.9775,0.97756,1,0.98,0.9774436090225563,0.9798994974874372,0.975,"[243575, 225372, 497109, 241247]","[31933, 381699, 374357, 342781, 10867]","{""sentiment"": 0.20758278645578168, ""VBG"": 0.09073407452335712, ""is"": 0.05720300392567363, ""this"": 0.053117888267955396, ""through"": 0.042068649336090495, ""and"": 0.03906119070060534, ""are"": 0.03253166162556072, ""VBN"": 0.027233080170768743, ""into"": 0.025938898057442247, ""RB"": 0.025693002457541286}"
Zeina Daboul,2025-12-07 11:59:15,20251207115915_879,1998,1598,400,GPA2Bench,GPA2Bench,gpt-3.5-turbo,gpt-3.5-turbo,['CS' 'HSS' 'PHX'],['CS' 'HSS' 'PHX'],0.98,0.97999799979998,0.9801920768307323,0.98,0.9802,1,0.99,0.9797979797979798,0.9897959183673469,0.97,"[701898, 471112]","[262847, 525835, 373761, 628785, 2697, 505850]","{""sentiment"": 0.20604711790079605, ""VBG"": 0.08885774342893674, ""is"": 0.06207103505125594, ""this"": 0.052516712290036474, ""through"": 0.0519043826105341, ""and"": 0.04508325505930399, ""RB"": 0.02541233420321108, ""are"": 0.025197477166938594, ""VBN"": 0.02454153429081179, ""be"": 0.021868405580502112}"
Zeina Daboul,2025-12-07 11:59:16,20251207115916_341,1998,1598,400,GPA2Bench,GPA2Bench,gpt-3.5-turbo,gpt-3.5-turbo,['CS' 'HSS' 'PHX'],['CS' 'HSS' 'PHX'],0.9725,0.9724984530379834,0.9726063364256958,0.9725,0.9727,1,0.98,0.9722921914357683,0.9796954314720813,0.965,"[453657, 471574, 735889, 499548]","[115947, 93960, 360202, 1607, 664517, 117452, 278923]","{""sentiment"": 0.20057349061800536, ""VBG"": 0.08197565806895088, ""is"": 0.06232407297779302, ""and"": 0.05498249692463406, ""this"": 0.04673754325410817, ""through"": 0.0442681421779346, ""are"": 0.028218985130123074, ""RB"": 0.027027220124288025, ""be"": 0.02373360184551086, ""NNS"": 0.023554673810366075}"
Zeina Daboul,2025-12-07 11:59:16,20251207115916_389,1998,1598,400,GPA2Bench,GPA2Bench,gpt-3.5-turbo,gpt-3.5-turbo,['CS' 'HSS' 'PHX'],['CS' 'HSS' 'PHX'],0.98,0.9799994999874997,0.98004800480048,0.98,0.9801,1,0.985,0.9798994974874372,0.9848484848484849,0.975,"[480049, 200502, 499669]","[38037, 62158, 134583, 533743, 298167]","{""sentiment"": 0.19628346744893752, ""VBG"": 0.07691857820143737, ""is"": 0.06934559275019596, ""this"": 0.065497003442494, ""and"": 0.04688022621050625, ""through"": 0.041021957109828464, ""are"": 0.030659617590724424, ""VBN"": 0.028518028287026414, ""RB"": 0.02424786396398139, ""be"": 0.0230437202288207}"
Zeina Daboul,2025-12-07 11:59:17,20251207115917_698,1998,1598,400,GPA2Bench,GPA2Bench,gpt-3.5-turbo,gpt-3.5-turbo,['CS' 'HSS' 'PHX'],['CS' 'HSS' 'PHX'],0.9775,0.9774987343038046,0.9776074616788777,0.9775,0.97767,1,0.985,0.9773299748110831,0.9847715736040609,0.97,"[711158, 231821, 463909]","[76631, 600138, 283049, 66514, 384594, 41960]","{""sentiment"": 0.2101807496847118, ""VBG"": 0.07174942545959344, ""this"": 0.059283203408956486, ""is"": 0.057591774543687836, ""and"": 0.05340377712815868, ""through"": 0.0360307532702645, ""are"": 0.02923935725543833, ""NNS"": 0.029185358903812936, ""VBN"": 0.028175423950591725, ""into"": 0.025984932374970203}"
Zeina Daboul,2025-12-07 11:59:18,20251207115918_496,1998,1598,400,GPA2Bench,GPA2Bench,gpt-3.5-turbo,gpt-3.5-turbo,['CS' 'HSS' 'PHX'],['CS' 'HSS' 'PHX'],0.9775,0.9774998593741211,0.977511937798445,0.9775,0.97744,1,0.975,0.9775561097256857,0.9751243781094527,0.98,"[470103, 246469, 488511, 232129, 493196]","[4622, 430300, 136913, 84538]","{""sentiment"": 0.18575928109776835, ""VBG"": 0.08192935346967979, ""this"": 0.0662480096707711, ""is"": 0.0575760988031295, ""and"": 0.04828879189193196, ""are"": 0.03384581848671656, ""VBN"": 0.03297835571717342, ""RB"": 0.030172701791859716, ""into"": 0.028925783506719455, ""be"": 0.02758289458142369}"
Zeina Daboul,2025-12-07 11:59:18,20251207115918_858,1998,1598,400,GPA2Bench,GPA2Bench,gpt-3.5-turbo,gpt-3.5-turbo,['CS' 'HSS' 'PHX'],['CS' 'HSS' 'PHX'],0.9775,0.9774987343038046,0.9776074616788777,0.9775,0.97767,1,0.985,0.9773299748110831,0.9847715736040609,0.97,"[743181, 221066, 470065]","[260434, 385862, 543157, 277650, 284748, 394739]","{""sentiment"": 0.2315687838707828, ""this"": 0.07329955624159691, ""VBG"": 0.0644254218329256, ""is"": 0.05811498283275266, ""and"": 0.04890738772903769, ""VBN"": 0.03444182946116219, ""through"": 0.03183497826068298, ""are"": 0.025352080145900915, ""NNS"": 0.024647168731100576, ""RB"": 0.023464197976375493}"
Zeina Daboul,2025-12-07 11:59:19,20251207115919_84,1998,1598,400,GPA2Bench,GPA2Bench,gpt-3.5-turbo,gpt-3.5-turbo,['CS' 'HSS' 'PHX'],['CS' 'HSS' 'PHX'],0.9725,0.9724957024535084,0.9727954971857412,0.9725,0.97284,1,0.985,0.9721518987341772,0.9846153846153847,0.96,"[236687, 488362, 463973]","[374708, 582825, 379406, 354608, 68726, 26447, 260342, 522062]","{""sentiment"": 0.2135310742374038, ""VBG"": 0.06796929621644343, ""is"": 0.0611505931354364, ""this"": 0.05918029198817621, ""and"": 0.04708953202647879, ""RB"": 0.03402080893722001, ""VBN"": 0.032195853957400794, ""NNS"": 0.03047704748913747, ""are"": 0.02792344414642077, ""through"": 0.026899427506247586}"
Zeina Daboul,2025-12-07 11:59:20,20251207115920_178,1998,1598,400,GPA2Bench,GPA2Bench,gpt-3.5-turbo,gpt-3.5-turbo,['CS' 'HSS' 'PHX'],['CS' 'HSS' 'PHX'],0.985,0.9849996249906248,0.9850485048504851,0.985,0.98507,1,0.99,0.9849246231155779,0.98989898989899,0.98,"[461725, 453296]","[361901, 675510, 539709, 126113]","{""sentiment"": 0.18014157479461063, ""VBG"": 0.06921218434082023, ""this"": 0.06643475336013724, ""is"": 0.06450110556991996, ""through"": 0.049036230909731277, ""and"": 0.04751739290903925, ""be"": 0.03398193206054651, ""VBN"": 0.025672127241458162, ""into"": 0.024820699586285938, ""are"": 0.024229844546217873}"
Zeina Daboul,2025-12-07 11:59:20,20251207115920_768,1998,1598,400,GPA2Bench,GPA2Bench,gpt-3.5-turbo,gpt-3.5-turbo,['CS' 'HSS' 'PHX'],['CS' 'HSS' 'PHX'],0.9675,0.9674900438259217,0.9680733899026308,0.9675,0.96806,1,0.985,0.9669211195928753,0.9844559585492227,0.95,"[226496, 491924, 471997]","[588348, 316613, 40116, 10986, 276661, 25058, 586550, 62104, 283707, 393975]","{""sentiment"": 0.199484593886803, ""VBG"": 0.07867296129901798, ""is"": 0.07230477122745953, ""VBN"": 0.046683759615487444, ""this"": 0.04505013088537553, ""through"": 0.04201503055794152, ""and"": 0.03979237111295423, ""are"": 0.03895122305668798, ""into"": 0.0321037667076054, ""NNS"": 0.023720534341230087}"
Zeina Daboul,2025-12-07 11:59:21,20251207115921_389,1998,1598,400,GPA2Bench,GPA2Bench,gpt-3.5-turbo,gpt-3.5-turbo,['CS' 'HSS' 'PHX'],['CS' 'HSS' 'PHX'],0.9575,0.9574784734771978,0.9584283173426188,0.9575,0.95844,1,0.98,0.9565217391304348,0.9790575916230366,0.935,"[467110, 748346, 239644, 457780]","[52873, 97039, 255338, 68702, 64781, 295282, 261408, 332037, 614352, 602602, 382038, 8408, 385344]","{""sentiment"": 0.19405822475189052, ""VBG"": 0.0905226923098502, ""this"": 0.05965869048459112, ""is"": 0.05077369680814269, ""and"": 0.047635986117679455, ""through"": 0.03806914073681232, ""VBN"": 0.03739563547391692, ""NNS"": 0.03042192713865161, ""be"": 0.02934840424375014, ""RB"": 0.02461048140225467}"
Zeina Daboul,2025-12-07 11:59:22,20251207115922_531,1998,1598,400,GPA2Bench,GPA2Bench,gpt-3.5-turbo,gpt-3.5-turbo,['CS' 'HSS' 'PHX'],['CS' 'HSS' 'PHX'],0.975,0.975,0.975,0.975,0.975,1,0.975,0.975,0.975,0.975,"[227060, 465573, 498213, 464898, 453064]","[8116, 46554, 608777, 256395, 280531]","{""sentiment"": 0.23122977174373419, ""VBG"": 0.08518725310650051, ""and"": 0.05613883192362167, ""is"": 0.051369005719072304, ""this"": 0.04670686077202725, ""through"": 0.03758392807551673, ""are"": 0.030178792755674793, ""NNS"": 0.02423746815712335, ""VBN"": 0.02192064321287953, ""RB"": 0.01927554166357066}"
Zeina Daboul,2025-12-07 11:59:22,20251207115922_862,1998,1598,400,GPA2Bench,GPA2Bench,gpt-3.5-turbo,gpt-3.5-turbo,['CS' 'HSS' 'PHX'],['CS' 'HSS' 'PHX'],0.97,0.9699992499812495,0.97004700470047,0.97,0.96985,1,0.965,0.9701492537313433,0.9653465346534653,0.975,"[703338, 220645, 202654, 463654, 473412, 489579, 476751]","[272229, 616944, 47895, 279322, 331082]","{""sentiment"": 0.18807199433113805, ""this"": 0.06741019193908446, ""VBG"": 0.06583213327205656, ""and"": 0.05235090614062081, ""is"": 0.05149129750918875, ""through"": 0.044512485810699644, ""VBN"": 0.03587325439745826, ""are"": 0.03006684910894082, ""into"": 0.028502154191280247, ""NNS"": 0.026310812625030437}"
Zeina Daboul,2025-12-07 11:59:23,20251207115923_689,1998,1598,400,GPA2Bench,GPA2Bench,gpt-3.5-turbo,gpt-3.5-turbo,['CS' 'HSS' 'PHX'],['CS' 'HSS' 'PHX'],0.97,0.96999699969997,0.970188075230092,0.97,0.9703,1,0.98,0.9696969696969697,0.9795918367346939,0.96,"[488389, 462703, 204728, 485143]","[321002, 33968, 543197, 582586, 254716, 16168, 537804, 132988]","{""sentiment"": 0.18187712225581887, ""VBG"": 0.07793391765662695, ""is"": 0.07022524678274993, ""this"": 0.05524349274802459, ""through"": 0.04725038669305602, ""are"": 0.04450921781380061, ""and"": 0.0441498519188681, ""into"": 0.03393153680684546, ""VBN"": 0.029609371202266296, ""NNS"": 0.024268173064850594}"
Zeina Daboul,2025-12-07 11:59:24,20251207115924_496,1998,1598,400,GPA2Bench,GPA2Bench,gpt-3.5-turbo,gpt-3.5-turbo,['CS' 'HSS' 'PHX'],['CS' 'HSS' 'PHX'],0.9625,0.9624885121068327,0.9630672573903031,0.9625,0.96183,1,0.945,0.9631449631449631,0.9468599033816425,0.98,"[235899, 232688, 482641, 483504, 229763, 227367, 714244, 739241, 490455, 234098, 452606]","[273325, 288878, 387309, 159592]","{""sentiment"": 0.20261962161943003, ""VBG"": 0.08003072213033363, ""and"": 0.059612347941629035, ""this"": 0.058864733076032044, ""through"": 0.0444000870034982, ""is"": 0.04068412381229348, ""VBN"": 0.039082712142767546, ""into"": 0.03509330348640875, ""RB"": 0.029720724862201196, ""be"": 0.024504751255327112}"
Zeina Daboul,2025-12-07 11:59:24,20251207115924_713,1998,1598,400,GPA2Bench,GPA2Bench,gpt-3.5-turbo,gpt-3.5-turbo,['CS' 'HSS' 'PHX'],['CS' 'HSS' 'PHX'],0.9675,0.9674981717721621,0.9676052111725139,0.9675,0.96725,1,0.96,0.967741935483871,0.9605911330049262,0.975,"[496853, 452991, 463997, 462714, 456585, 472749, 243973, 457232]","[279076, 318087, 518418, 383403, 261979]","{""sentiment"": 0.20705219812074366, ""VBG"": 0.07782128128064933, ""this"": 0.05635349537530427, ""is"": 0.054797057512292975, ""through"": 0.05133929998471428, ""and"": 0.04196909510724316, ""are"": 0.03389112819462869, ""into"": 0.03203878074185083, ""VBN"": 0.031675093418993494, ""be"": 0.02339821428418664}"
Zeina Daboul,2025-12-07 11:59:25,20251207115925_980,1998,1598,400,GPA2Bench,GPA2Bench,gpt-3.5-turbo,gpt-3.5-turbo,['CS' 'HSS' 'PHX'],['CS' 'HSS' 'PHX'],0.9725,0.9724998281239258,0.97251181279532,0.9725,0.97257,1,0.975,0.9724310776942355,0.9748743718592965,0.97,"[233463, 497138, 451375, 464266, 479095]","[15973, 21071, 534937, 253942, 83387, 365996]","{""sentiment"": 0.18537485456826025, ""is"": 0.06836563652477254, ""VBG"": 0.06834105342702851, ""this"": 0.06718145663340507, ""and"": 0.04878761546066973, ""through"": 0.03698251977315813, ""VBN"": 0.035019558684267975, ""NNS"": 0.02702528619942258, ""be"": 0.026685229423283732, ""into"": 0.02444434566329155}"
Zeina Daboul,2025-12-07 11:59:26,20251207115926_885,1998,1598,400,GPA2Bench,GPA2Bench,gpt-3.5-turbo,gpt-3.5-turbo,['CS' 'HSS' 'PHX'],['CS' 'HSS' 'PHX'],0.9725,0.9724998281239258,0.97251181279532,0.9725,0.97243,1,0.97,0.972568578553616,0.9701492537313433,0.975,"[463919, 452921, 734147, 228853, 741442, 473744]","[285138, 278969, 5545, 122681, 306345]","{""sentiment"": 0.22292643834394973, ""VBG"": 0.07420390561202735, ""this"": 0.059007114111433834, ""and"": 0.05310387978770149, ""is"": 0.05003121806589535, ""through"": 0.037425426626814744, ""VBN"": 0.030005426058820374, ""into"": 0.025585761381619155, ""are"": 0.025088735157542855, ""NNS"": 0.019776248257286185}"
Zeina Daboul,2025-12-07 11:59:26,20251207115926_359,1998,1598,400,GPA2Bench,GPA2Bench,gpt-3.5-turbo,gpt-3.5-turbo,['CS' 'HSS' 'PHX'],['CS' 'HSS' 'PHX'],0.9775,0.9774998593741211,0.977511937798445,0.9775,0.97744,1,0.975,0.9775561097256857,0.9751243781094527,0.98,"[491685, 230766, 203774, 737626, 475128]","[16739, 352747, 7240, 131632]","{""sentiment"": 0.18960946806282003, ""VBG"": 0.08490277515920988, ""is"": 0.06264652173247842, ""through"": 0.05993578810928899, ""this"": 0.05767344080911619, ""and"": 0.0535159510361525, ""VBN"": 0.030508432200738997, ""NNS"": 0.02708491429156176, ""are"": 0.023195168653403396, ""RB"": 0.020110763447144714}"
Zeina Daboul,2025-12-07 11:59:27,20251207115927_340,1998,1598,400,GPA2Bench,GPA2Bench,gpt-3.5-turbo,gpt-3.5-turbo,['CS' 'HSS' 'PHX'],['CS' 'HSS' 'PHX'],0.9825,0.9824990155696258,0.9826085869320598,0.9825,0.98263,1,0.99,0.982367758186398,0.9898477157360406,0.975,"[712272, 458954]","[667324, 380127, 532943, 256410, 649373]","{""sentiment"": 0.20639800192953048, ""VBG"": 0.09427190335512274, ""is"": 0.07277147588974633, ""and"": 0.04962948727438771, ""this"": 0.04907453896533039, ""through"": 0.03463422116011548, ""are"": 0.02961922178647392, ""into"": 0.02815549360925866, ""NNS"": 0.02523653828585718, ""be"": 0.02512513736472404}"
Zeina Daboul,2025-12-07 11:59:28,20251207115928_230,1998,1598,400,GPA2Bench,GPA2Bench,gpt-3.5-turbo,gpt-3.5-turbo,['CS' 'HSS' 'PHX'],['CS' 'HSS' 'PHX'],0.9775,0.9774931072640995,0.978085654927286,0.9775,0.97789,1,0.995,0.9770992366412213,0.9948186528497409,0.96,[230610],"[280225, 34296, 62214, 286534, 332077, 259429, 351936, 6955]","{""sentiment"": 0.20570540138118015, ""VBG"": 0.08137859227402515, ""is"": 0.05944257248274727, ""this"": 0.05412165182267405, ""and"": 0.05214093506474414, ""through"": 0.04597169754693975, ""VBN"": 0.029938541143723466, ""NNS"": 0.028056901926168602, ""into"": 0.0276295702720949, ""be"": 0.027012368186490724}"
Zeina Daboul,2025-12-07 11:59:28,20251207115928_529,1998,1598,400,GPA2Bench,GPA2Bench,gpt-3.5-turbo,gpt-3.5-turbo,['CS' 'HSS' 'PHX'],['CS' 'HSS' 'PHX'],0.975,0.9749843652282677,0.9761904761904762,0.975,0.97561,1,1.0,0.9743589743589743,1.0,0.95,[],"[284205, 269020, 258519, 373798, 633913, 1566, 504122, 27925, 359410, 538527]","{""sentiment"": 0.20926497472686859, ""VBG"": 0.08652146359229908, ""this"": 0.06187982072956887, ""is"": 0.04661134893364383, ""and"": 0.04656873387718317, ""through"": 0.04340781754859363, ""into"": 0.02875534569869556, ""VBN"": 0.028596884517147658, ""are"": 0.028086016883424946, ""RB"": 0.02514179293535255}"
Zeina Daboul,2025-12-07 11:59:29,20251207115929_60,1998,1598,400,GPA2Bench,GPA2Bench,gpt-3.5-turbo,gpt-3.5-turbo,['CS' 'HSS' 'PHX'],['CS' 'HSS' 'PHX'],0.9625,0.9624978905063409,0.9626040859193319,0.9625,0.96278,1,0.97,0.9622166246851386,0.9695431472081218,0.955,"[483601, 245633, 498866, 248498, 457083, 474654]","[296386, 313882, 280977, 269782, 83849, 328535, 278015, 279219, 361442]","{""sentiment"": 0.19568678376615362, ""VBG"": 0.08981272623324174, ""this"": 0.06994187788286962, ""is"": 0.05924510143329259, ""and"": 0.04427228770192082, ""NNS"": 0.02928880003066139, ""through"": 0.028553569043815466, ""be"": 0.02772563188317327, ""RB"": 0.027558056503855937, ""VBN"": 0.025103482434868273}"
Zeina Daboul,2025-12-07 11:59:30,20251207115930_416,1998,1598,400,GPA2Bench,GPA2Bench,gpt-3.5-turbo,gpt-3.5-turbo,['CS' 'HSS' 'PHX'],['CS' 'HSS' 'PHX'],0.9725,0.9724998281239258,0.97251181279532,0.9725,0.97257,1,0.975,0.9724310776942355,0.9748743718592965,0.97,"[219193, 702255, 489890, 458255, 499485]","[294163, 292814, 258661, 172386, 28176, 260922]","{""sentiment"": 0.18999725586686242, ""VBG"": 0.0707293706866762, ""this"": 0.062165241647637516, ""and"": 0.057066021917211975, ""is"": 0.05310955791848976, ""through"": 0.05051797387387689, ""VBN"": 0.03555131884871389, ""RB"": 0.033669194518522995, ""NNS"": 0.027709358373793992, ""be"": 0.02380863897194855}"
Zeina Daboul,2025-12-07 11:59:31,20251207115931_359,1998,1598,400,GPA2Bench,GPA2Bench,gpt-3.5-turbo,gpt-3.5-turbo,['CS' 'HSS' 'PHX'],['CS' 'HSS' 'PHX'],0.965,0.965,0.965,0.965,0.965,1,0.965,0.965,0.965,0.965,"[487501, 227020, 476484, 483890, 226141, 489414, 486292]","[7479, 636185, 50251, 128121, 276665, 39616, 280229]","{""sentiment"": 0.20054152612884504, ""VBG"": 0.07569720650861277, ""this"": 0.0688108394116938, ""is"": 0.055807369547030534, ""and"": 0.04885596578874852, ""through"": 0.03669815269804009, ""VBN"": 0.03249087536638312, ""be"": 0.028145478137337716, ""NNS"": 0.026163429538876532, ""are"": 0.022717188897833602}"
Zeina Daboul,2025-12-07 11:59:31,20251207115931_982,1998,1598,400,GPA2Bench,GPA2Bench,gpt-3.5-turbo,gpt-3.5-turbo,['CS' 'HSS' 'PHX'],['CS' 'HSS' 'PHX'],0.97,0.96999699969997,0.970188075230092,0.97,0.9703,1,0.98,0.9696969696969697,0.9795918367346939,0.96,"[462490, 208282, 463853, 475303]","[289994, 358902, 39199, 139577, 76041, 381894, 92364, 291424]","{""sentiment"": 0.18452800200228442, ""VBG"": 0.08693647515868028, ""is"": 0.05912190185203653, ""and"": 0.05527274212331776, ""this"": 0.05469421664703548, ""through"": 0.05218525021987227, ""VBN"": 0.027665859059352732, ""are"": 0.02595300370254046, ""RB"": 0.02360453108657882, ""be"": 0.022497821318210525}"
Zeina Daboul,2025-12-07 11:59:32,20251207115932_652,1998,1598,400,GPA2Bench,GPA2Bench,gpt-3.5-turbo,gpt-3.5-turbo,['CS' 'HSS' 'PHX'],['CS' 'HSS' 'PHX'],0.975,0.9749993749843746,0.975047504750475,0.975,0.97487,1,0.97,0.9751243781094527,0.9702970297029703,0.98,"[497407, 459988, 472938, 497140, 486470, 482724]","[29761, 293336, 283729, 389128]","{""sentiment"": 0.20811877445986296, ""VBG"": 0.07937122427600958, ""is"": 0.06231788333488819, ""this"": 0.05548169944271374, ""and"": 0.04821348798426114, ""through"": 0.043087193940768764, ""VBN"": 0.03095704633967941, ""be"": 0.02272284289150849, ""PRP$"": 0.02243240892706943, ""RB"": 0.02233693076493722}"
Zeina Daboul,2025-12-07 11:59:33,20251207115933_820,1998,1598,400,GPA2Bench,GPA2Bench,gpt-3.5-turbo,gpt-3.5-turbo,['CS' 'HSS' 'PHX'],['CS' 'HSS' 'PHX'],0.9725,0.9724998281239258,0.97251181279532,0.9725,0.97257,1,0.975,0.9724310776942355,0.9748743718592965,0.97,"[482898, 207764, 222173, 728688, 471706]","[260647, 274756, 113734, 93321, 105743, 104110]","{""sentiment"": 0.20782384426837017, ""is"": 0.06910134294908411, ""this"": 0.06795116019966005, ""VBG"": 0.06675700747530296, ""and"": 0.05301870107042154, ""through"": 0.032588119834608874, ""VBN"": 0.03243343718315673, ""are"": 0.027833126144917203, ""into"": 0.024026704176670015, ""RB"": 0.023643903345712265}"
Zeina Daboul,2025-12-07 11:59:33,20251207115933_205,1998,1598,400,GPA2Bench,GPA2Bench,gpt-3.5-turbo,gpt-3.5-turbo,['CS' 'HSS' 'PHX'],['CS' 'HSS' 'PHX'],0.9725,0.9724998281239258,0.97251181279532,0.9725,0.97243,1,0.97,0.972568578553616,0.9701492537313433,0.975,"[495058, 478939, 216180, 460594, 243575, 466367]","[614391, 286601, 509548, 333491, 373719]","{""sentiment"": 0.20755530105568126, ""this"": 0.06560130603992471, ""VBG"": 0.06215922765703051, ""is"": 0.05994523635641305, ""and"": 0.058265202340617606, ""VBN"": 0.03506012033894996, ""are"": 0.03362931471879136, ""through"": 0.029380450526942124, ""be"": 0.02627012837170777, ""into"": 0.023673503623789595}"
Zeina Daboul,2025-12-07 11:59:34,20251207115934_44,1998,1598,400,GPA2Bench,GPA2Bench,gpt-3.5-turbo,gpt-3.5-turbo,['CS' 'HSS' 'PHX'],['CS' 'HSS' 'PHX'],0.9725,0.9724998281239258,0.97251181279532,0.9725,0.97243,1,0.97,0.972568578553616,0.9701492537313433,0.975,"[494044, 476751, 466816, 217120, 219709, 456057]","[2885, 270881, 49336, 157905, 261447]","{""sentiment"": 0.2083519285882031, ""VBG"": 0.07870998954028322, ""is"": 0.07192639890060537, ""this"": 0.05275662423701863, ""through"": 0.04859527245487718, ""and"": 0.0381903840164124, ""VBN"": 0.029732994976434828, ""RB"": 0.028838964136162774, ""are"": 0.02628987837805788, ""into"": 0.022890776082117866}"
Zeina Daboul,2025-12-07 11:59:35,20251207115935_311,1998,1598,400,GPA2Bench,GPA2Bench,gpt-3.5-turbo,gpt-3.5-turbo,['CS' 'HSS' 'PHX'],['CS' 'HSS' 'PHX'],0.9775,0.9774964838255977,0.9777986241400876,0.9775,0.97778,1,0.99,0.9772151898734177,0.9897435897435898,0.965,"[738300, 454816]","[390899, 143657, 46964, 64858, 179845, 281489, 331157]","{""sentiment"": 0.20897824137422094, ""VBG"": 0.08403043266100481, ""this"": 0.06515719406991116, ""is"": 0.05416231843249516, ""and"": 0.05112974884982468, ""through"": 0.040085308840353835, ""VBN"": 0.033562131649813844, ""be"": 0.032880876184761376, ""are"": 0.02822645251528163, ""NNS"": 0.02697928060796194}"
Zeina Daboul,2025-12-07 11:59:35,20251207115935_659,1998,1598,400,GPA2Bench,GPA2Bench,gpt-3.5-turbo,gpt-3.5-turbo,['CS' 'HSS' 'PHX'],['CS' 'HSS' 'PHX'],0.9775,0.9774987343038046,0.9776074616788777,0.9775,0.97767,1,0.985,0.9773299748110831,0.9847715736040609,0.97,"[200513, 747069, 481572]","[587984, 261101, 636299, 149198, 108039, 120402]","{""sentiment"": 0.1787411261911474, ""VBG"": 0.07839402640032507, ""is"": 0.06202035978566994, ""this"": 0.052353625696578004, ""and"": 0.04542080443452373, ""through"": 0.042682248653902306, ""VBN"": 0.03263986589807144, ""RB"": 0.029865617389017062, ""into"": 0.027456667858812775, ""be"": 0.022554853599612675}"
Zeina Daboul,2025-12-07 11:59:36,20251207115936_222,1998,1598,400,GPA2Bench,GPA2Bench,gpt-3.5-turbo,gpt-3.5-turbo,['CS' 'HSS' 'PHX'],['CS' 'HSS' 'PHX'],0.9775,0.9774931072640995,0.978085654927286,0.9775,0.97789,1,0.995,0.9770992366412213,0.9948186528497409,0.96,[734399],"[121007, 633714, 49423, 41877, 555366, 524733, 336800, 29206]","{""sentiment"": 0.1879048055502259, ""VBG"": 0.07453297835432365, ""this"": 0.07077423777285766, ""is"": 0.052541100959473466, ""and"": 0.045935315618492206, ""through"": 0.04422359696381624, ""are"": 0.03691393636309576, ""VBN"": 0.025869508441575075, ""into"": 0.024957697758746504, ""RB"": 0.02420781297764252}"
Zeina Daboul,2025-12-07 11:59:37,20251207115937_485,1998,1598,400,GPA2Bench,GPA2Bench,gpt-3.5-turbo,gpt-3.5-turbo,['CS' 'HSS' 'PHX'],['CS' 'HSS' 'PHX'],0.97,0.97,0.97,0.97,0.97,1,0.97,0.97,0.97,0.97,"[248419, 724102, 482848, 458718, 469555, 222759]","[73313, 68634, 258945, 45079, 40630, 15949]","{""sentiment"": 0.20287738720797457, ""VBG"": 0.09282793202938516, ""is"": 0.06554806674866684, ""this"": 0.04901194343378646, ""through"": 0.04611381900194223, ""and"": 0.045596696101105574, ""VBN"": 0.03412539001272015, ""are"": 0.030341510732893182, ""be"": 0.02509771128558167, ""RB"": 0.022107872639956172}"
Zeina Daboul,2025-12-07 11:59:37,20251207115937_172,1998,1598,400,GPA2Bench,GPA2Bench,gpt-3.5-turbo,gpt-3.5-turbo,['CS' 'HSS' 'PHX'],['CS' 'HSS' 'PHX'],0.98,0.9799919967987194,0.9807692307692308,0.98,0.98039,1,1.0,0.9795918367346939,1.0,0.96,[],"[525219, 32282, 43761, 378080, 281073, 255359, 118362, 284157]","{""sentiment"": 0.19648108699448882, ""VBG"": 0.08099651276952563, ""this"": 0.0629521334963859, ""is"": 0.05076734961383475, ""through"": 0.0505452031429882, ""and"": 0.04375702180339522, ""RB"": 0.02843977549324636, ""are"": 0.028146434494248997, ""VBN"": 0.026865654395292298, ""be"": 0.02486120902682146}"
Zeina Daboul,2025-12-07 11:59:38,20251207115938_134,1998,1598,400,GPA2Bench,GPA2Bench,gpt-3.5-turbo,gpt-3.5-turbo,['CS' 'HSS' 'PHX'],['CS' 'HSS' 'PHX'],0.9825,0.9824998906243164,0.9825120628015699,0.9825,0.98246,1,0.98,0.9825436408977556,0.9800995024875622,0.985,"[469700, 219484, 460831, 473326]","[362260, 5596, 76953]","{""sentiment"": 0.16412989969357597, ""VBG"": 0.07750571373677201, ""this"": 0.06886310485016402, ""is"": 0.05819493860307608, ""and"": 0.055988630088384644, ""through"": 0.04027740134434467, ""VBN"": 0.03514858208890154, ""are"": 0.03196241400483753, ""be"": 0.030466097290777747, ""RB"": 0.025969961693228117}"
Zeina Daboul,2025-12-07 11:59:39,20251207115939_175,1998,1598,400,GPA2Bench,GPA2Bench,gpt-3.5-turbo,gpt-3.5-turbo,['CS' 'HSS' 'PHX'],['CS' 'HSS' 'PHX'],0.97,0.97,0.97,0.97,0.97,1,0.97,0.97,0.97,0.97,"[494504, 496234, 206554, 733098, 476377, 228776]","[46554, 139243, 56980, 124598, 34395, 104781]","{""sentiment"": 0.20799752724619583, ""is"": 0.0746966804574391, ""VBG"": 0.06642235304880706, ""this"": 0.05209220427150694, ""and"": 0.05010774468813916, ""through"": 0.03848798130261826, ""VBN"": 0.030420026136471375, ""are"": 0.028191077071193872, ""into"": 0.026385695073128376, ""NNS"": 0.023170804573865653}"
Zeina Daboul,2025-12-07 11:59:40,20251207115940_545,1998,1598,400,GPA2Bench,GPA2Bench,gpt-3.5-turbo,gpt-3.5-turbo,['CS' 'HSS' 'PHX'],['CS' 'HSS' 'PHX'],0.975,0.9749993749843746,0.975047504750475,0.975,0.97512,1,0.98,0.9748743718592965,0.9797979797979798,0.97,"[233023, 216445, 490194, 222447]","[512218, 280107, 123145, 615665, 525431, 255094]","{""sentiment"": 0.22350118670911115, ""VBG"": 0.0691423873225748, ""this"": 0.0600831564546161, ""and"": 0.05203670941636205, ""is"": 0.04656421677777999, ""VBN"": 0.03628271636730381, ""through"": 0.03350457583699504, ""into"": 0.02758669888780604, ""are"": 0.02752609493286219, ""be"": 0.025759669743397783}"
Zeina Daboul,2025-12-07 11:59:40,20251207115940_305,1998,1598,400,GPA2Bench,GPA2Bench,gpt-3.5-turbo,gpt-3.5-turbo,['CS' 'HSS' 'PHX'],['CS' 'HSS' 'PHX'],0.9775,0.9774987343038046,0.9776074616788777,0.9775,0.97767,1,0.985,0.9773299748110831,0.9847715736040609,0.97,"[215108, 496998, 471886]","[280803, 146303, 356717, 38095, 393228, 524319]","{""sentiment"": 0.18366415290989768, ""VBG"": 0.06651439265561278, ""is"": 0.06607124449848874, ""this"": 0.057951372615859115, ""and"": 0.05092446833380685, ""through"": 0.03977463894353657, ""VBN"": 0.03215247117267575, ""are"": 0.029931750411625168, ""into"": 0.025816220043803864, ""NNS"": 0.024471303219667503}"
Zeina Daboul,2025-12-07 11:59:41,20251207115941_465,1998,1598,400,GPA2Bench,GPA2Bench,gpt-3.5-turbo,gpt-3.5-turbo,['CS' 'HSS' 'PHX'],['CS' 'HSS' 'PHX'],0.97,0.9699932484809082,0.9704233810429386,0.97,0.97044,1,0.985,0.9695431472081218,0.9845360824742269,0.955,"[498613, 237277, 463650]","[7920, 34088, 255375, 143790, 31109, 13919, 396020, 79300, 285347]","{""sentiment"": 0.21989785224275554, ""VBG"": 0.07924944077915266, ""and"": 0.0659916686767283, ""this"": 0.06081206738289635, ""is"": 0.05194326960715043, ""through"": 0.0384161250978116, ""VBN"": 0.033227691082030504, ""into"": 0.02467683213670563, ""RB"": 0.024038943602890668, ""are"": 0.023524760303697354}"
