Feature,authentic,gpt3.5,gpt4
mean_sen_len,30.56799843,27.571859971245686,29.82814526122026
sentiment,-0.119881877,0.8132440750608368,0.8176710773905118
male_pronouns,0.029620111,0.015208860589223723,0.012746177165377131
female_pronouns,0.019975039,0.020887405081488845,0.021049292
TTR,0.6835863622760358,0.6929394978341148,0.70169186
lex_density,0.549048967,0.5561004487231671,0.5804846323395579
concreteness,2.5058224741156536,2.5040960257547336,2.4747825457347745
its,0.001122159,0.002986384,0.00553073
during,0.000176902,3.641604300039005e-05,4.2461600119330164e-05
between,0.000462278,0.000546957,0.000626326
how,0.001371602,0.000209572,0.000195912
see,0.001639239,0.000244756,0.000113206
be,0.006162738,0.002203499,0.001126264
isn't,0,0,0
off,0.000831494,0.000195288,0.000179644
must,0.001291448,0.000392185,0.00012158
but,0.006428384,0.002398984,0.003346369
couldn't,0,0,0
ours,2.898888824435338e-05,2.3000978946833044e-05,3.1736337735745284e-05
a,0.023007977338077974,0.037912258,0.033416598572745454
about,0.001829209,0.000668218,0.000551188
all,0.00461884,0.001494076,0.001193126
any,0.001920225,0.000223433,0.000368276
i,0.018168379,0.002659859,0.000835324
our,0.000985592,0.00133376,0.001827641
here,0.001223459,0.000588375,0.000350469
aren't,0,0,0
and,0.036385818,0.030469681,0.024582038
ourselves,6.397076694871e-05,8.279069045733317e-05,3.0153498500884815e-05
itself,0.000184866,0.000492442,0.00077123
on,0.006045453,0.004540456,0.003220422
under,0.000585315,0.000475284,0.001556089
one,0.003338379,0.00105201,0.001294723
you'll,0,0,0
too,0.001177048,0.000223187,0.000369641
this,0.004145928,0.002004199,0.002687615
after,0.00129315,0.000154826,0.000119172
then,0.001964908,0.00010135,0.000109357
should,0.001394147,3.054594176501068e-05,5.568463370775457e-05
that'll,0,0,0
me,0.004865359,0.00085119,0.00018769
why,0.000480768,6.971351626995504e-05,2.5285747381173635e-05
your,0.002135871,0.000236445,0.000100618
until,0.000331635,6.548573820611515e-05,3.149601330265828e-05
won't,0,0,0
further,0.000151323,2.4297064546445033e-05,3.1709719354435364e-05
you,0.010099942713002213,0.000848226,0.000422259
needn't,0,0,0
mightn't,0,0,0
they,0.003819062,0.001356506,0.001010154
don't,0,0,0
each,0.000442582,0.001280223,0.002179919
same,0.000625642,4.8945650736555346e-05,0.0001728
had,0.008427225,0.002408071,0.00209716
just,0.000812016,0.000780174,0.000637263
wouldn't,0,0,0
my,0.005370589,0.001628572,0.000826433
into,0.001971807,0.001639466,0.002732548
that,0.012583286905525804,0.014187576035607146,0.009175077
are,0.002340175,0.000510345,0.000239492
you've,0,0,0
than,0.001718223,0.000759101,0.001133345
do,0.003053946,0.000156827,0.000100401
as,0.009332251,0.009679646,0.010523411
the,0.049543510354380066,0.091252663,0.085125794
them,0.002419757,0.001094093,0.00053534
there,0.003178398,0.002581948,0.001785306
does,0.000379601,2.357850552547554e-05,7.44192068213166e-05
some,0.001970775,0.000296741,0.000333179
themselves,0.000240667,0.000226121,0.000224123
weren't,0,0,0
you'd,0,0,0
through,0.000830072,0.004196805,0.002571837
below,0.000119356,0.000393328,0.000139833
in,0.016734810893932205,0.024754085916509322,0.021353702283248555
don,2.1336680637074022e-05,0,5.282386745407483e-06
wasn't,0,0,0
an,0.002919979,0.00181577,0.008699819
were,0.003720646,0.001878005,0.001671494
for,0.008549753,0.005518191,0.004168088
has,0.00134828,0.000134741,0.00010135
very,0.002589369,0.000920898,0.000672665
before,0.001537948,0.000491773,0.00039616
or,0.003284801,0.000559974,0.000762135
what,0.002750331,0.000358404,0.000245921
hadn't,0,0,0
doesn't,0,0,0
shan't,0,0,0
having,0.000595747,2.078681137111403e-05,6.073448317651945e-05
no,0.003286044,0.00070561,0.000825088
not,0.007043642,0.00153816,0.002598216
well,0.001317954,0.000746473,0.000229574
will,0.002160109,0.000232157,0.000175889
over,0.001365722,0.002055638,0.00141567
which,0.003958876,0.000202943,0.000754796
yourselves,1.4746078165898332e-05,0,9.861932938856e-07
once,0.000752014,0.000376687,0.000571341
am,0.001373642,0.000133194,1.8121167741586783e-05
above,0.000216185,0.000325352,0.000266808
of,0.026795924,0.057908726,0.064462943
other,0.001303049,0.000269798,0.000171481
it's,0,0,0
is,0.005808599,0.00127762,0.000708477
have,0.005482992,0.000413356,0.000224905
much,0.00162109,0.00032587,0.000722084
out,0.002739499,0.001134002,0.000936696
would,0.00340094,0.001671514,0.001022236
by,0.004236508,0.005105145,0.007096325
again,0.001313029,5.248760331764308e-05,6.637906790137868e-05
hasn't,0,0,0
myself,0.000555317,0.000280692,0.000116763
down,0.001597673,0.001478004,0.000537551
could,0.002714895,0.001629174,0.001131102
theirs,2.0143517156305474e-05,2.236479119022724e-05,1.3526411168404233e-05
from,0.003462147,0.002597649,0.00358067
while,0.000797789,0.000352613,0.000490612
with,0.009097036,0.013989050002738108,0.012323842518191623
who,0.002309333,0.00202834,0.000912792
against,0.00043352,0.001257523,0.001739695
doing,0.000213355,9.046095217235952e-06,1.0087409603118366e-05
you're,0,0,0
mustn't,0,0,0
it,0.013089433865110394,0.003364679,0.003908989
shouldn't,0,0,0
haven't,0,0,0
most,0.000810171,0.000441039,0.000551011
whom,0.000427758,2.4307084823165682e-05,4.134148372664828e-05
can,0.001583782,0.000312402,0.000145311
at,0.006545863,0.002152282,0.001725558
been,0.002861407,0.000394339,0.000366678
those,0.000628361,0.001181812,0.000898792
being,0.001110089,0.000126925,0.000278549
when,0.003382339,0.000827258,0.000452385
where,0.001026276,0.005416018,0.001539908
their,0.002163416,0.005343542,0.00508985
was,0.013538948748500989,0.00594583,0.008994241
never,0.00154175,0.000369782,0.000198234
nor,0.000360912,7.493643602403013e-05,0.000283919
these,0.000986993,0.000723976,0.000699029
did,0.001854763,0.000628493,0.000415115
we,0.002957543,0.000987062,0.000511233
such,0.00161656,0.000491947,0.000774086
because,0.000492174,5.094200642574698e-06,1.0305625181242233e-05
up,0.002792925,0.000701211,0.00035791
few,0.000469306,0.000124879,9.373930807093795e-05
more,0.002162949,0.000531032,0.000960962
made,0.001374855,0.000340763,0.000264765
yours,9.411052261843973e-05,5.913173029075936e-06,1.1820330969267e-06
should've,0,0,0
go,0.001273491,0.000112209,1.4759519324032534e-05
to,0.028624478706751666,0.014535377452020925,0.013528468416803064
yourself,0.00024186,5.7668043299252344e-05,1.3342686891300382e-05
only,0.001421945,0.000771914,0.00115925
so,0.004754022,0.00073213,0.000815231
might,0.00121398,0.000240183,0.000402299
own,0.001234351,0.001046265,0.000992974
now,0.002084203,0.000738194,0.000659977
if,0.00361578,0.000980428,0.000846199
upon,0.001752168,0.003001199,0.002819765
didn't,0,0,0
both,0.000537508,0.000799763,0.000667163
say,0.001377886,0.000109537,6.217000628182556e-05
said,0.005109479,0.000122901,4.5137625736714985e-05
ask,0.000333511,9.710394107761444e-06,3.56670337570165e-06
asked,0.00063971,3.230588710004143e-06,9.422942599033583e-06
reply ,0,0,0
replied,0.000518762,3.146466118244502e-05,0
NN,0.17026555101050062,0.22651778489690236,0.2373401910793202
NNS,0.036808532,0.072941023,0.062337879
NNP,0.000133537,5.8894913589246384e-05,7.401088523407439e-05
NNPS,4.7077545888154455e-06,0,1.1415525114155167e-06
VB,0.046932044869707305,0.018885510124895973,0.013016513500164782
VBD,0.068438694,0.05285245,0.050766656
VBG,0.019900639,0.023316927266042987,0.028578253226841724
VBN,0.02787869,0.024098433,0.026900981967652088
VBP,0.021063631,0.01072375,0.006026069
VBZ,0.013294228951421959,0.010691299201080123,0.006753478
JJ,0.075389197,0.083381824,0.10842167667394939
JJR,0.002783875,0.001145334,0.001320114
JJS,0.001949815,0.001435304,0.001530926
RB,0.061806240048465286,0.028975359136646513,0.036157189
RBR,0.00175714,0.000646344,0.000806225
RBS,0.000642443,0.00043021,0.000453327
PRP,0.068874428,0.02328179,0.017796602
PRP$,0.031833072690772735,0.034754346708938996,0.037290213
IN,0.1272293312311573,0.16450466734316457,0.16299033749842998
DT,0.097136377,0.14153845495989212,0.139197269