accuracy,Overall F1,Overall Precision,Overall Recall,Authentic F1,Authentic Precision,Authentic Recall,Synthetic F1,Synthetic Precision,Synthetic Recall,authentic_mislabeled,synthetic_mislabeled,top_10_features
0.9047619047619048,0.9047592385218366,0.9048072346501665,0.9047619047619048,0.90526,1,0.91005291005291,0.9042553191489362,0.9090909090909091,0.8994708994708994,"[1648060, 1651680, 1648204, 1648215, 1640635, 1644451, 1644307, 1644455, 1648184, 1640779, 1644441, 1640762, 1644497, 1644454, 1640763, 1640508, 1644395]","[1668332, 1669616, 1666007, 1668430, 1669572, 1665876, 1668419, 1662660, 1668838, 1662702, 1666018, 1668645, 1665554, 1666012, 1665933, 1668449, 1662855, 1662838, 1668870]","{'i': 0.10180222315649093, 'RB': 0.05001446527088424, 'sentiment': 0.04250859514402369, 'VBD': 0.040399036796141624, 'this': 0.03906967237568178, 'was': 0.03217084689753622, 'a': 0.028345922302439215, 'so': 0.022730845143063137, 'but': 0.02006216102722153, 'do': 0.018959026530905504}"
0.8809523809523809,0.8807646205286733,0.883367139959432,0.8809523809523809,0.87603,1,0.8412698412698413,0.8854961832061069,0.8529411764705882,0.9206349206349206,"[1651710, 1640789, 1647950, 1640635, 1640705, 1640588, 1644395, 1648213, 1640768, 1651691, 1644306, 1644446, 1640763, 1644307, 1648123, 1644506, 1648184, 1640650, 1644491, 1644267, 1648060, 1648145, 1644498, 1648211, 1644401, 1640771, 1648148, 1644496, 1640773, 1640590]","[1665974, 1668813, 1669652, 1665660, 1665807, 1662688, 1662646, 1665843, 1662802, 1665847, 1668436, 1668330, 1665944, 1669706, 1662964]","{'i': 0.09514341870381031, 'RB': 0.064492039760189, 'VBD': 0.056006439502171906, 'sentiment': 0.04640166791209977, 'a': 0.03324735735959628, 'was': 0.03165239557191855, 'but': 0.028725892770862415, 'this': 0.02334349052544154, 'not': 0.022421296770463735, 'VBZ': 0.020395375601765436}"
0.8968253968253969,0.8967668746454907,0.8977272727272728,0.8968253968253969,0.89922,1,0.9206349206349206,0.8943089430894309,0.9166666666666666,0.873015873015873,"[1640778, 1644349, 1640759, 1648099, 1648151, 1640705, 1640773, 1644253, 1651727, 1640761, 1640514, 1647983, 1644355, 1651710, 1648180]","[1665910, 1668672, 1665974, 1662649, 1662799, 1668394, 1665554, 1665834, 1669706, 1668504, 1668414, 1662602, 1669700, 1669600, 1665770, 1668430, 1668833, 1668755, 1668400, 1662838, 1665943, 1668875, 1662815, 1668482]","{'i': 0.08033484302511074, 'RB': 0.06391808956016531, 'VBD': 0.04685864507300623, 'sentiment': 0.04029809372610786, 'a': 0.038008326196970914, 'this': 0.035738453914917215, 'was': 0.029836005907710485, 'but': 0.026229058970916538, 'do': 0.021783313387665135, 'my': 0.020871729388472836}"
0.9074074074074074,0.9074067593765529,0.9074188129899216,0.9074074074074074,0.90765,1,0.91005291005291,0.9071618037135278,0.9095744680851063,0.9047619047619048,"[1648191, 1648102, 1648215, 1648161, 1648123, 1644489, 1651691, 1648194, 1648120, 1644401, 1644269, 1644306, 1640588, 1647957, 1644495, 1640773, 1644257]","[1668506, 1669732, 1668616, 1668393, 1669626, 1668414, 1665553, 1665776, 1665660, 1668832, 1662721, 1662880, 1665809, 1665507, 1668822, 1665859, 1668838, 1665900]","{'i': 0.10217727628015132, 'RB': 0.058004296276593745, 'VBD': 0.047384434315724165, 'sentiment': 0.04144273879445813, 'this': 0.032333499391053316, 'a': 0.03191730325512968, 'was': 0.031543060537435774, 'have': 0.025814554152716034, 'my': 0.0249996409489094, 'not': 0.023921852530621325}"
0.9074074074074074,0.9074015748031495,0.9075100806451613,0.9074074074074074,0.90667,1,0.8994708994708994,0.9081364829396326,0.9010416666666666,0.9153439153439153,"[1644267, 1644446, 1648193, 1651710, 1640765, 1640546, 1644307, 1648194, 1651680, 1648045, 1648102, 1644455, 1648202, 1644283, 1640508, 1648120, 1640768, 1648215, 1644306]","[1665553, 1668419, 1668791, 1662962, 1665660, 1662871, 1669732, 1668588, 1668394, 1668618, 1665840, 1662862, 1665818, 1665886, 1666012, 1662847]","{'i': 0.09748290115507971, 'RB': 0.05113238027937261, 'VBD': 0.0463762314287137, 'a': 0.036085114251791534, 'sentiment': 0.034708303513020726, 'this': 0.03184967714674682, 'was': 0.03092528447248945, 'VBZ': 0.02939283313413828, 'but': 0.025472152369059205, 'not': 0.018560509575460772}"
0.8862433862433863,0.8862362204724409,0.8863407258064516,0.8862433862433863,0.88533,1,0.8783068783068783,0.8871391076115486,0.8802083333333334,0.8941798941798942,"[1651680, 1644507, 1644487, 1648060, 1644430, 1648215, 1644446, 1644502, 1644451, 1647940, 1644498, 1648161, 1640763, 1640759, 1648083, 1648018, 1648213, 1640772, 1644480, 1644454, 1644497, 1648211, 1640776]","[1668588, 1669735, 1663036, 1669732, 1668838, 1662847, 1662874, 1665809, 1669604, 1668561, 1668724, 1665949, 1665711, 1669652, 1663048, 1662964, 1665900, 1668739, 1665910, 1668415]","{'i': 0.08325409281172746, 'RB': 0.054630830089560316, 'VBD': 0.04186460040657197, 'sentiment': 0.04067077716410096, 'a': 0.03946433071747491, 'this': 0.0385210976231166, 'was': 0.033818689648706934, 'but': 0.023297160394317378, 'VBZ': 0.02161958898720064, 'not': 0.020701284274030517}"
0.9206349206349206,0.920626032421536,0.9208234140876628,0.9206349206349206,0.92147,1,0.9312169312169312,0.9197860962566845,0.9297297297297298,0.91005291005291,"[1640762, 1648213, 1640657, 1644455, 1648161, 1640768, 1648083, 1640590, 1644441, 1640592, 1640650, 1644485, 1644467]","[1668380, 1662802, 1662983, 1663035, 1668454, 1668624, 1665949, 1668439, 1668838, 1662988, 1665758, 1665839, 1665812, 1665834, 1663048, 1662616, 1665470]","{'i': 0.09848779637352388, 'RB': 0.059833996368060506, 'sentiment': 0.05303375587742331, 'VBD': 0.04495246683491069, 'this': 0.038814397111279125, 'a': 0.02978030195972079, 'my': 0.025856037155812927, 'not': 0.021474271047979387, 'but': 0.021204355996494898, 'was': 0.021031455257346093}"
0.8994708994708994,0.8994680851063831,0.8995156368116024,0.8994708994708994,0.9,1,0.9047619047619048,0.898936170212766,0.9037433155080213,0.8941798941798942,"[1644253, 1640657, 1640705, 1648133, 1640763, 1644446, 1640767, 1648123, 1644418, 1648045, 1644307, 1644506, 1640597, 1644480, 1640635, 1640761, 1648120, 1644234]","[1668442, 1663147, 1662880, 1665943, 1668310, 1665711, 1662815, 1663028, 1662649, 1668436, 1669604, 1665973, 1662694, 1662616, 1665770, 1662818, 1665540, 1662734, 1665469, 1668822]","{'i': 0.09427322055091164, 'RB': 0.05820264428428218, 'VBD': 0.043614534079758134, 'sentiment': 0.03862014933593306, 'a': 0.0380958764023647, 'this': 0.03496189006028088, 'but': 0.026385450497561455, 'was': 0.022261072016143902, 'have': 0.022111247410046463, 'so': 0.02124335389940153}"
0.8994708994708994,0.8994680851063831,0.8995156368116024,0.8994708994708994,0.89894,1,0.8941798941798942,0.9,0.8952879581151832,0.9047619047619048,"[1648120, 1644495, 1640705, 1647950, 1648099, 1640759, 1651710, 1644349, 1648151, 1640582, 1648133, 1644485, 1644234, 1647948, 1644307, 1648201, 1644501, 1644497, 1640771, 1640588]","[1665590, 1663035, 1669680, 1665700, 1663098, 1665616, 1668602, 1662815, 1668814, 1668598, 1668400, 1668855, 1669652, 1662660, 1665900, 1662832, 1669706, 1665679]","{'i': 0.07664332382429197, 'sentiment': 0.05079153947134061, 'RB': 0.04767545860869199, 'VBD': 0.04014716511019539, 'a': 0.03444438491869597, 'this': 0.032122629144112666, 'but': 0.029687056064367928, 'was': 0.029425703086133778, 'so': 0.023368322616344677, 'VBZ': 0.021366559834005875}"
0.8862433862433863,0.8861788617886179,0.8871212121212122,0.8862433862433863,0.88889,1,0.91005291005291,0.8834688346883469,0.9055555555555556,0.8624338624338624,"[1640782, 1644253, 1651670, 1640657, 1640650, 1640654, 1647950, 1644441, 1644355, 1644491, 1648148, 1644307, 1647985, 1644489, 1644401, 1644495, 1648097]","[1665504, 1669706, 1668482, 1668854, 1668792, 1662625, 1665910, 1668380, 1665534, 1668662, 1669620, 1663054, 1665720, 1662906, 1668833, 1662722, 1663040, 1668598, 1665582, 1665660, 1665876, 1662646, 1665639, 1662754, 1662838, 1665601]","{'i': 0.08357264790866704, 'RB': 0.05100845137161661, 'VBD': 0.04448356598660228, 'this': 0.040007752931446296, 'sentiment': 0.03999209606128012, 'was': 0.028614166630663896, 'a': 0.027618242723185155, 'so': 0.023504413555617484, 'but': 0.023015555808086147, 'not': 0.022352812595136815}"
0.8888888888888888,0.8888764453901503,0.8890631564206695,0.8888888888888888,0.89005,1,0.8994708994708994,0.8877005347593583,0.8972972972972973,0.8783068783068783,"[1640779, 1640654, 1640773, 1644506, 1640644, 1644457, 1640657, 1648193, 1644485, 1648151, 1640759, 1644498, 1644306, 1648083, 1640701, 1644419, 1640635, 1651691, 1644451]","[1665694, 1668803, 1662797, 1665830, 1668726, 1668813, 1665882, 1663068, 1662874, 1662628, 1665878, 1669620, 1668736, 1668814, 1662646, 1663043, 1668739, 1662871, 1665686, 1663025, 1668607, 1668798, 1668616]","{'i': 0.08616650218735408, 'RB': 0.05581838728612305, 'VBD': 0.04312745139232895, 'this': 0.039810043860805625, 'sentiment': 0.03771540084088881, 'a': 0.03030289979784724, 'but': 0.028934338278851026, 'was': 0.027481708883916645, 'have': 0.02417010627233567, 'so': 0.02357966785211531}"
0.9021164021164021,0.902115717055213,0.902127659574468,0.9021164021164021,0.90237,1,0.9047619047619048,0.9018567639257294,0.9042553191489362,0.8994708994708994,"[1648099, 1640590, 1648108, 1640763, 1644493, 1640779, 1644306, 1644455, 1644489, 1640705, 1644257, 1640701, 1644496, 1640784, 1648120, 1648083, 1640778, 1648060]","[1662645, 1668618, 1665534, 1668414, 1665844, 1662737, 1665776, 1665470, 1668706, 1669583, 1662977, 1665518, 1668506, 1669604, 1665834, 1663035, 1662672, 1663028, 1662860]","{'i': 0.0806603518183256, 'RB': 0.06322754295573647, 'sentiment': 0.04544920311770114, 'VBD': 0.04417988450589096, 'a': 0.03677184196994805, 'this': 0.032292262025768605, 'but': 0.030223600921648466, 'was': 0.025907296391443502, 'VBZ': 0.021138392890076022, 'my': 0.020116911829584805}"
0.8994708994708994,0.8994258507211875,0.9001879013938356,0.8994708994708994,0.90155,1,0.9206349206349206,0.8972972972972973,0.9171270718232044,0.8783068783068783,"[1640762, 1644306, 1644451, 1644491, 1648120, 1640759, 1648184, 1640650, 1640590, 1640514, 1648180, 1648193, 1644349, 1644401, 1651693]","[1662639, 1665957, 1668415, 1665643, 1663025, 1665821, 1662871, 1665610, 1668482, 1665948, 1665876, 1665582, 1665818, 1662792, 1668852, 1665834, 1665694, 1668662, 1669683, 1662962, 1668450, 1668618, 1662905]","{'i': 0.09157092226320829, 'RB': 0.04729654333547488, 'sentiment': 0.0463819697411315, 'VBD': 0.041428135087300054, 'was': 0.04039587479392843, 'this': 0.03881061184703296, 'a': 0.03470648979085266, 'but': 0.028837956426201287, 'so': 0.023417323629939153, 'DT': 0.02325675499978392}"
0.9047619047619048,0.9046310832025118,0.9069950738916256,0.9047619047619048,0.90816,1,0.9417989417989417,0.9010989010989011,0.9371428571428572,0.8677248677248677,"[1644306, 1640762, 1644355, 1648184, 1648123, 1640508, 1644349, 1644496, 1640779, 1640654, 1644437]","[1668414, 1662847, 1668736, 1669604, 1668506, 1669663, 1669680, 1669626, 1668803, 1665469, 1662986, 1665974, 1663028, 1668516, 1668598, 1665693, 1665938, 1665786, 1665822, 1665773, 1668580, 1662650, 1665721, 1668439, 1668845]","{'i': 0.08240610322422909, 'RB': 0.05069980199863442, 'VBD': 0.04652712648719931, 'sentiment': 0.039762147607552235, 'this': 0.03850786221002587, 'a': 0.03098875022282967, 'was': 0.030491119416166213, 'my': 0.023997664388693128, 'do': 0.023505244069817556, 'but': 0.022326202891026}"
0.873015873015873,0.8730123180291154,0.873057647618781,0.873015873015873,0.87234,1,0.8677248677248677,0.8736842105263158,0.8691099476439791,0.8783068783068783,"[1644493, 1648148, 1651680, 1644498, 1648161, 1644267, 1647957, 1640590, 1648060, 1651693, 1648133, 1644278, 1640635, 1640657, 1640782, 1640514, 1640592, 1640768, 1644307, 1640508, 1644349, 1648022, 1640632, 1644306, 1648018]","[1665943, 1668436, 1665517, 1668380, 1665538, 1668814, 1669680, 1668819, 1665750, 1668813, 1662639, 1665829, 1668856, 1668822, 1665847, 1668492, 1665469, 1665876, 1668332, 1665620, 1668739, 1665834, 1665625]","{'i': 0.1024730354659994, 'RB': 0.057944692326960846, 'VBD': 0.04671204450297648, 'sentiment': 0.04582758470455473, 'this': 0.03723206803263565, 'a': 0.03182592920479725, 'but': 0.025309441259645696, 'not': 0.022228965587247063, 'was': 0.022216553709732727, 'my': 0.020841726137601976}"
0.9074074074074074,0.9074067593765529,0.9074188129899216,0.9074074074074074,0.90765,1,0.91005291005291,0.9071618037135278,0.9095744680851063,0.9047619047619048,"[1640654, 1648161, 1640768, 1648215, 1644395, 1648018, 1648083, 1644497, 1644253, 1640590, 1640650, 1651693, 1644455, 1644446, 1644496, 1644306, 1644506]","[1662649, 1668589, 1668635, 1665809, 1669620, 1668645, 1668590, 1668450, 1665989, 1662742, 1668758, 1669602, 1668726, 1668616, 1665553, 1665844, 1665532, 1665564]","{'i': 0.08647050575792589, 'RB': 0.052904465122645156, 'VBD': 0.05192619514507701, 'sentiment': 0.041925491114895894, 'this': 0.04004963982077835, 'a': 0.03885444332684652, 'but': 0.030924648553687834, 'was': 0.030573968831293374, 'not': 0.026579165399767946, 'do': 0.02025180241598522}"
0.91005291005291,0.9100503919372901,0.9100988324887308,0.91005291005291,0.90957,1,0.9047619047619048,0.9105263157894737,0.9057591623036649,0.9153439153439153,"[1640773, 1644473, 1644446, 1648194, 1648211, 1644501, 1640776, 1648202, 1648018, 1648190, 1648204, 1640762, 1644395, 1648123, 1644506, 1640590, 1648145, 1648099]","[1665844, 1669572, 1668819, 1665876, 1662847, 1665989, 1668736, 1665610, 1665839, 1662840, 1665700, 1668572, 1669602, 1668798, 1662852, 1665516]","{'i': 0.09380350132740758, 'RB': 0.05540017326825206, 'sentiment': 0.05419825160239277, 'VBD': 0.0446585977870238, 'was': 0.03317683826979996, 'this': 0.03164978998530847, 'not': 0.03105275432302534, 'a': 0.027263959869269504, 'but': 0.024338615821862995, 'do': 0.021328176574121463}"
0.8677248677248677,0.867721164613662,0.8677660497802168,0.8677248677248677,0.86702,1,0.8624338624338624,0.868421052631579,0.8638743455497382,0.873015873015873,"[1644491, 1640701, 1640779, 1640657, 1644418, 1644488, 1648190, 1644485, 1648102, 1640776, 1648224, 1644496, 1648151, 1644326, 1644333, 1644267, 1648161, 1651693, 1647950, 1648199, 1644234, 1640590, 1640773, 1644253, 1640760, 1644306]","[1665770, 1665910, 1668439, 1665928, 1662871, 1668607, 1663025, 1665809, 1662838, 1665974, 1662986, 1669620, 1665539, 1669704, 1665829, 1663140, 1665786, 1665750, 1663028, 1665938, 1662792, 1669602, 1662826, 1668478]","{'i': 0.08717509233903023, 'RB': 0.056784672187610366, 'VBD': 0.050254122318944466, 'this': 0.03871903556987744, 'sentiment': 0.036441887498750325, 'a': 0.0328643128850168, 'was': 0.030906894026573855, 'but': 0.02415074899088426, 'so': 0.01925913325789699, 'not': 0.018740551755984818}"
0.8624338624338624,0.8623991935483872,0.8627994955863809,0.8624338624338624,0.86458,1,0.8783068783068783,0.8602150537634409,0.8743169398907104,0.8465608465608465,"[1644499, 1640657, 1644501, 1644496, 1651663, 1651693, 1644401, 1644306, 1648148, 1640650, 1640779, 1644467, 1644408, 1640768, 1640763, 1648161, 1644491, 1644498, 1644333, 1644355, 1648191, 1647957, 1648194]","[1669732, 1665639, 1668789, 1662660, 1665532, 1668833, 1665616, 1665643, 1665773, 1665500, 1665786, 1665711, 1668449, 1662818, 1665634, 1665833, 1662797, 1665989, 1662986, 1665843, 1665554, 1669602, 1668616, 1665896, 1662871, 1662799, 1665507, 1668750, 1662886]","{'i': 0.09979251964955123, 'sentiment': 0.04911211084352955, 'RB': 0.04825587416040931, 'VBD': 0.040834423061393774, 'this': 0.04012281260687666, 'a': 0.0333334195812244, 'was': 0.029520676844905933, 'but': 0.025489208717744436, 'so': 0.022428107812898994, 'not': 0.02231177448347121}"
0.91005291005291,0.91005291005291,0.91005291005291,0.91005291005291,0.91005,1,0.91005291005291,0.91005291005291,0.91005291005291,0.91005291005291,"[1640773, 1640768, 1644401, 1648215, 1640765, 1640654, 1651727, 1644455, 1640582, 1648202, 1644454, 1640590, 1644278, 1648099, 1644502, 1648045, 1644491]","[1668332, 1665720, 1663043, 1663054, 1665507, 1665539, 1662988, 1665840, 1668409, 1668819, 1665518, 1665944, 1662906, 1668366, 1668436, 1665812, 1665943]","{'i': 0.08366791513934099, 'RB': 0.05460381580733456, 'sentiment': 0.04699670222757141, 'VBD': 0.040143882726775014, 'a': 0.03968101433861169, 'was': 0.03814766916194577, 'this': 0.0323964957544527, 'but': 0.022221821317787514, 'DT': 0.021640294160658154, 'do': 0.02151844736958438}"
0.917989417989418,0.9179612839990198,0.918563579277865,0.917989417989418,0.91948,1,0.9365079365079365,0.9164420485175202,0.9340659340659341,0.8994708994708994,"[1640635, 1651727, 1648148, 1648060, 1651680, 1647950, 1644488, 1640778, 1644497, 1648213, 1644253, 1644485]","[1669579, 1668750, 1668504, 1665847, 1663036, 1669612, 1668482, 1669602, 1663092, 1665601, 1669620, 1668478, 1662625, 1665554, 1668602, 1668870, 1665943, 1665518, 1662848]","{'i': 0.08862715060820901, 'RB': 0.06309817599087116, 'sentiment': 0.04465764688728249, 'VBD': 0.04287972006181873, 'was': 0.0363368643735558, 'this': 0.0349335229889099, 'but': 0.027582622585845224, 'my': 0.0246215259045285, 'a': 0.02460774390640807, 'do': 0.023613992722817848}"
0.8783068783068783,0.8782932497130219,0.8784764038650049,0.8783068783068783,0.87958,1,0.8888888888888888,0.8770053475935828,0.8864864864864865,0.8677248677248677,"[1648199, 1640762, 1644441, 1648215, 1644234, 1640590, 1648022, 1651710, 1640778, 1640592, 1640705, 1651727, 1648148, 1640789, 1648120, 1648184, 1644506, 1648045, 1644501, 1651691, 1644401]","[1665944, 1663156, 1668618, 1663004, 1669586, 1662961, 1662838, 1668813, 1662650, 1669710, 1665601, 1665689, 1665822, 1665540, 1668724, 1662660, 1668505, 1662672, 1668758, 1662954, 1663040, 1668854, 1665844, 1663028, 1665639]","{'i': 0.07993932301007382, 'RB': 0.05773398619203731, 'VBD': 0.04745248229466331, 'sentiment': 0.04710952782350568, 'a': 0.03491871266981752, 'this': 0.0347980630901035, 'but': 0.02618971737339781, 'so': 0.0233646369363153, 'have': 0.02290752043977451, 'was': 0.022899331595779268}"
0.8809523809523809,0.8809448818897638,0.8810483870967741,0.8809523809523809,0.88189,1,0.8888888888888888,0.88,0.8870967741935484,0.873015873015873,"[1648224, 1644497, 1648199, 1640582, 1644495, 1644441, 1651662, 1644507, 1640771, 1644499, 1648161, 1648204, 1644467, 1644496, 1640762, 1648045, 1644446, 1644253, 1648123, 1648022, 1644505]","[1665554, 1665686, 1665812, 1669706, 1662917, 1662906, 1669710, 1663054, 1669600, 1665553, 1665720, 1665610, 1665534, 1665626, 1665634, 1662840, 1665750, 1663028, 1666021, 1662954, 1668736, 1665487, 1662625, 1668856]","{'i': 0.09421767532552669, 'RB': 0.061104793411878126, 'a': 0.04241012776203926, 'sentiment': 0.04118878513754314, 'VBD': 0.04007801381533463, 'my': 0.032654759140288016, 'this': 0.03183783692505597, 'was': 0.026758077177062037, 'but': 0.0232608824108408, 'VBZ': 0.02004729970928011}"
0.8915343915343915,0.8913633209261245,0.8940162271805274,0.8915343915343915,0.89567,1,0.9312169312169312,0.8870523415977961,0.9252873563218391,0.8518518518518519,"[1648215, 1640789, 1648194, 1644437, 1644467, 1648123, 1651693, 1644499, 1640779, 1640592, 1640635, 1648133, 1644485]","[1668415, 1668346, 1662964, 1665944, 1668855, 1662627, 1662649, 1669683, 1663146, 1662702, 1669572, 1668595, 1662646, 1665809, 1669583, 1662639, 1665527, 1663054, 1668449, 1665843, 1665553, 1665770, 1668813, 1665700, 1668596, 1668870, 1665776, 1665639]","{'i': 0.08694168727557605, 'RB': 0.062344049376067946, 'VBD': 0.04458793088717253, 'sentiment': 0.03926662952729226, 'this': 0.03725110367398477, 'was': 0.028320736753421158, 'not': 0.027855094661263662, 'so': 0.0259446163970485, 'a': 0.023588067825432706, 'my': 0.02011455786464005}"
0.8756613756613757,0.8756187209017396,0.8761773940345369,0.8756613756613757,0.87792,1,0.8941798941798942,0.8733153638814016,0.8901098901098901,0.8571428571428571,"[1640650, 1648209, 1640778, 1644467, 1644473, 1648133, 1651691, 1648151, 1648120, 1644507, 1640657, 1648204, 1640779, 1644489, 1640654, 1640635, 1644495, 1644501, 1648108, 1648193]","[1668336, 1668332, 1665776, 1665552, 1663004, 1669572, 1665764, 1665886, 1668875, 1665988, 1668380, 1668623, 1665720, 1665882, 1662963, 1668845, 1665900, 1665818, 1668798, 1662917, 1668750, 1663047, 1668822, 1669602, 1662742, 1665742, 1668618]","{'i': 0.08298079632021806, 'RB': 0.05998538224368886, 'VBD': 0.05148220227307447, 'sentiment': 0.03996994871673553, 'this': 0.038171405766650096, 'a': 0.03487913848066657, 'was': 0.03171703398452956, 'but': 0.03154553307231454, 'not': 0.02758113316694695, 'my': 0.018726432032379163}"
0.8756613756613757,0.8752764263600176,0.8803571428571428,0.8756613756613757,0.88221,1,0.9312169312169312,0.8683473389355743,0.9226190476190477,0.8201058201058201,"[1640588, 1648148, 1640592, 1644467, 1644451, 1644489, 1644481, 1651710, 1640768, 1644395, 1644419, 1648102, 1644401]","[1666012, 1665948, 1665472, 1665821, 1669710, 1663147, 1663025, 1665973, 1665639, 1665844, 1668419, 1665686, 1665876, 1663140, 1669583, 1665818, 1665564, 1662770, 1668389, 1662628, 1665967, 1669613, 1665807, 1662702, 1662874, 1668482, 1668856, 1665582, 1665786, 1662660, 1662836, 1662862, 1668580, 1668726]","{'i': 0.08215894783227107, 'RB': 0.06918802989898355, 'sentiment': 0.05185500838796164, 'a': 0.04480065237243063, 'VBD': 0.0367343336674759, 'this': 0.03664947746498306, 'was': 0.032171849606967846, 'not': 0.02691404512305287, 'but': 0.022459829095276967, 'have': 0.021352170643849196}"
0.8783068783068783,0.8782762096774194,0.8786885245901639,0.8783068783068783,0.88021,1,0.8941798941798942,0.8763440860215054,0.8907103825136612,0.8624338624338624,"[1640654, 1644498, 1644485, 1644307, 1644502, 1640763, 1647950, 1648081, 1644257, 1644501, 1648083, 1644454, 1648045, 1648213, 1644253, 1640590, 1640782, 1651670, 1651710, 1651693]","[1662625, 1665693, 1668442, 1668419, 1669620, 1668346, 1665518, 1662883, 1665974, 1662848, 1668645, 1665711, 1665989, 1668310, 1665940, 1668814, 1665632, 1662815, 1668430, 1669583, 1669688, 1665888, 1669612, 1669700, 1668686, 1668854]","{'i': 0.09624794114878805, 'RB': 0.0655438041460211, 'sentiment': 0.04792038413622975, 'this': 0.03969314361625339, 'VBD': 0.039033553455587, 'a': 0.0377871668595625, 'was': 0.03152813061208598, 'but': 0.02674410487586239, 'VBZ': 0.02127898587490507, 'DT': 0.02074803962666201}"
0.9021164021164021,0.902115717055213,0.902127659574468,0.9021164021164021,0.90186,1,0.8994708994708994,0.9023746701846965,0.9,0.9047619047619048,"[1640650, 1648083, 1648133, 1640763, 1647986, 1644349, 1644480, 1640768, 1651680, 1644454, 1648184, 1648102, 1644269, 1648161, 1644499, 1644446, 1644497, 1644498, 1644283]","[1665944, 1668504, 1662818, 1665974, 1662694, 1665700, 1663156, 1668310, 1668609, 1665500, 1669612, 1665728, 1665590, 1669706, 1669732, 1662639, 1668855, 1663068]","{'i': 0.07927643113565376, 'RB': 0.05700297130387458, 'sentiment': 0.052092250499892065, 'VBD': 0.04026406329156149, 'this': 0.03650675723527828, 'a': 0.030552068851004196, 'but': 0.029087268315776543, 'was': 0.027746312118963157, 'and': 0.02306774412567524, 'have': 0.022067180288206735}"
0.9074074074074074,0.9074067593765529,0.9074188129899216,0.9074074074074074,0.90765,1,0.91005291005291,0.9071618037135278,0.9095744680851063,0.9047619047619048,"[1648194, 1640635, 1644401, 1651710, 1640778, 1644493, 1640508, 1648180, 1640763, 1640701, 1648060, 1644488, 1648045, 1640588, 1644496, 1644501, 1648145]","[1668330, 1665534, 1668598, 1662955, 1662860, 1668856, 1669612, 1665771, 1665516, 1662660, 1665700, 1663040, 1662821, 1663025, 1662954, 1668798, 1665601, 1665876]","{'i': 0.07828710365725682, 'RB': 0.05270524290801103, 'sentiment': 0.0458506489778292, 'VBD': 0.044915507102422376, 'a': 0.040728412105338285, 'was': 0.037903855797520425, 'this': 0.03681060995612808, 'do': 0.02218079194995123, 'have': 0.020185065296443237, 'DT': 0.019855616367681142}"
0.8941798941798942,0.8941680432287147,0.8943565326985017,0.8941798941798942,0.89305,1,0.8835978835978836,0.8952879581151832,0.8860103626943006,0.9047619047619048,"[1640778, 1648151, 1644333, 1648201, 1651680, 1647985, 1640650, 1640772, 1644488, 1644485, 1648097, 1644480, 1644306, 1648099, 1644506, 1644468, 1651691, 1648123, 1644355, 1648206, 1644473, 1648083]","[1665694, 1665620, 1662611, 1663156, 1668580, 1668346, 1662792, 1668332, 1665938, 1662851, 1665599, 1665974, 1665770, 1665750, 1662826, 1665988, 1663035, 1665944]","{'i': 0.08396555816140035, 'RB': 0.06050688788332567, 'VBD': 0.047566267798536295, 'sentiment': 0.039711998236116194, 'a': 0.03420290012518583, 'this': 0.032142292208318705, 'was': 0.02857028339178537, 'but': 0.028029667240353506, 'my': 0.02545251738934254, 'DT': 0.02053737996739707}"
0.8835978835978836,0.8833889558852399,0.8863668405470182,0.8835978835978836,0.88832,1,0.9259259259259259,0.8784530386740331,0.9190751445086706,0.8412698412698413,"[1647986, 1651710, 1644480, 1640778, 1640654, 1644502, 1644485, 1651693, 1651691, 1640508, 1648060, 1648083, 1640650, 1640771]","[1662862, 1665552, 1665910, 1665464, 1662906, 1668572, 1665539, 1668726, 1665770, 1662639, 1662840, 1662797, 1669683, 1668635, 1663036, 1668449, 1665487, 1668439, 1662977, 1662880, 1665725, 1662826, 1668596, 1662986, 1668588, 1663040, 1668813, 1668822, 1663035, 1668750]","{'i': 0.09373008718060084, 'RB': 0.05959449876696592, 'VBD': 0.04797281635163337, 'sentiment': 0.0449789260224951, 'this': 0.04056735699955302, 'a': 0.029549260036791147, 'but': 0.028786241191989984, 'was': 0.02839440905618772, 'so': 0.024773639146057944, 'have': 0.021090317424430256}"
0.9047619047619048,0.9047512389058432,0.904943285254166,0.9047619047619048,0.90576,1,0.9153439153439153,0.9037433155080213,0.9135135135135135,0.8941798941798942,"[1640508, 1644502, 1648148, 1640762, 1644253, 1644441, 1644480, 1644267, 1640701, 1640759, 1644496, 1651693, 1648083, 1644507, 1651691, 1648018]","[1665643, 1665910, 1669600, 1669729, 1665472, 1662977, 1668726, 1668504, 1665601, 1668706, 1663036, 1669576, 1662860, 1668615, 1669572, 1665620, 1662660, 1669683, 1665881, 1663043]","{'i': 0.08494170008904682, 'RB': 0.059673263860939345, 'sentiment': 0.04476028151414525, 'VBD': 0.04230241400979631, 'this': 0.03588539041723941, 'a': 0.03402141081636034, 'was': 0.03018709086907726, 'but': 0.024109757975287586, 'DT': 0.02327271497516006, 'do': 0.023037782588120854}"
0.8888888888888888,0.8888608870967741,0.889281210592686,0.8888888888888888,0.89062,1,0.9047619047619048,0.8870967741935484,0.9016393442622951,0.873015873015873,"[1640705, 1648194, 1648133, 1644506, 1648120, 1644495, 1648099, 1647957, 1644480, 1644441, 1644498, 1648201, 1648045, 1648102, 1640789, 1648151, 1644455, 1648083]","[1663063, 1668819, 1662742, 1668607, 1662799, 1665827, 1665818, 1665786, 1665882, 1665770, 1665564, 1662688, 1665725, 1665933, 1662852, 1665532, 1668798, 1662802, 1665694, 1662848, 1668409, 1668410, 1662650, 1669683]","{'i': 0.08830218241820856, 'RB': 0.05810913365759043, 'sentiment': 0.04510206455186973, 'VBD': 0.043204113093178266, 'this': 0.04157570831579191, 'a': 0.030244246090639863, 'do': 0.02726125470339548, 'was': 0.027074941067108838, 'but': 0.024030934429453255, 'VBZ': 0.02322517048785163}"
0.9074074074074074,0.9073912039143491,0.9076927386822052,0.9074074074074074,0.90862,1,0.9206349206349206,0.9061662198391421,0.9184782608695652,0.8941798941798942,"[1644495, 1648151, 1644489, 1644430, 1644446, 1648184, 1640654, 1648201, 1648145, 1644485, 1648102, 1647950, 1651691, 1640772, 1640524]","[1668616, 1665928, 1665553, 1669604, 1669680, 1669652, 1662862, 1665590, 1665750, 1668870, 1662847, 1668736, 1665843, 1662905, 1662627, 1663035, 1668814, 1662983, 1668624, 1663058]","{'i': 0.08288531602077961, 'RB': 0.052777076927435884, 'VBD': 0.05076848459774194, 'sentiment': 0.044368749784808294, 'a': 0.036287957242735376, 'was': 0.03498057231543928, 'this': 0.034466398354038, 'but': 0.02386609053499316, 'do': 0.02099550119441102, 'see': 0.01868001188726147}"
0.8835978835978836,0.8835457218876909,0.8842863953781867,0.8835978835978836,0.88601,1,0.9047619047619048,0.8810810810810811,0.9005524861878453,0.8624338624338624,"[1648133, 1648191, 1644480, 1644401, 1640705, 1648120, 1648083, 1648206, 1644491, 1640761, 1644492, 1644496, 1648148, 1644502, 1644498, 1644501, 1640763, 1640657]","[1662847, 1663025, 1669602, 1668833, 1662900, 1668504, 1663140, 1668410, 1668436, 1665807, 1665540, 1668415, 1668814, 1662851, 1665470, 1662716, 1662688, 1665809, 1665700, 1662954, 1665843, 1665518, 1668588, 1665534, 1669732, 1665694]","{'i': 0.10277230863628908, 'RB': 0.05583786798828929, 'VBD': 0.050296293403504146, 'sentiment': 0.040690208867499356, 'this': 0.040360368553399424, 'was': 0.031858470859168375, 'a': 0.029348866153897268, 'but': 0.024218372420978483, 'VBZ': 0.020020574060299605, 'so': 0.018714187740028337}"
0.9312169312169312,0.9312169312169312,0.9312169312169312,0.9312169312169312,0.93122,1,0.9312169312169312,0.9312169312169312,0.9312169312169312,0.9312169312169312,"[1644349, 1647986, 1648194, 1640778, 1644267, 1644419, 1648206, 1640650, 1647957, 1644492, 1644473, 1644496, 1648202]","[1668394, 1665974, 1668380, 1668449, 1668792, 1665900, 1662660, 1663068, 1668607, 1663025, 1663035, 1665504, 1662907]","{'i': 0.08924747344349684, 'RB': 0.053710072305613754, 'sentiment': 0.04683899495031212, 'VBD': 0.038313712806048436, 'was': 0.0366807065855117, 'this': 0.03454871081063056, 'the': 0.021300356080791862, 'a': 0.021165982352293933, 'so': 0.02115595491261713, 'not': 0.019602305293735738}"
0.8888888888888888,0.8888857782754759,0.8889324411344738,0.8888888888888888,0.88947,1,0.8941798941798942,0.8882978723404256,0.893048128342246,0.8835978835978836,"[1644454, 1644401, 1651680, 1640588, 1648215, 1648151, 1640780, 1647940, 1648022, 1648184, 1648202, 1644451, 1648148, 1640773, 1647948, 1644395, 1644498, 1648060, 1648194, 1640782]","[1665694, 1662818, 1665896, 1665590, 1662852, 1668366, 1662886, 1662802, 1668464, 1665464, 1665988, 1665882, 1665686, 1665552, 1665472, 1668813, 1665881, 1662649, 1662956, 1665933, 1662627, 1665553]","{'i': 0.09516000571602687, 'RB': 0.04943036184732933, 'VBD': 0.04446685839261599, 'sentiment': 0.04069782206685495, 'this': 0.03790630153524746, 'a': 0.0307047465552874, 'was': 0.027083583554820503, 'so': 0.02323528331947587, 'my': 0.02086747563222426, 'DT': 0.019534803145599213}"
0.9074074074074074,0.907328929764715,0.9087921348314607,0.9074074074074074,0.91003,1,0.9365079365079365,0.9046321525885559,0.9325842696629213,0.8783068783068783,"[1644269, 1648151, 1648204, 1644497, 1640590, 1640654, 1648148, 1648133, 1644485, 1644495, 1648184, 1640767]","[1668635, 1662688, 1669652, 1668332, 1668440, 1662601, 1669620, 1663063, 1668755, 1662637, 1668436, 1665843, 1665859, 1668739, 1662964, 1665501, 1668419, 1665910, 1668588, 1662848, 1668393, 1668618, 1662988]","{'i': 0.08892937069226721, 'RB': 0.05596556996258646, 'sentiment': 0.049259869587488805, 'VBD': 0.04677035077124858, 'this': 0.03724537205835961, 'a': 0.03351523385357183, 'but': 0.0330667076883147, 'was': 0.023868492710035237, 'so': 0.0214577884309909, 'VBZ': 0.019786836267295202}"
0.8703703703703703,0.8702168657814525,0.8721309630963097,0.8703703703703703,0.87468,1,0.9047619047619048,0.8657534246575342,0.8977272727272727,0.8359788359788359,"[1644451, 1640582, 1648188, 1644257, 1640763, 1648202, 1644467, 1651691, 1648120, 1644506, 1644491, 1640508, 1648022, 1648211, 1640771, 1644485, 1644446, 1644401]","[1665534, 1666007, 1665770, 1665911, 1668782, 1665552, 1663043, 1665949, 1665989, 1662840, 1668845, 1662716, 1668330, 1662627, 1668310, 1668739, 1663063, 1668504, 1669704, 1663156, 1665643, 1668454, 1668616, 1665554, 1662723, 1665973, 1665786, 1668439, 1669706, 1662988, 1662754]","{'i': 0.09190656307770452, 'RB': 0.06328789617625583, 'VBD': 0.04691058532858836, 'sentiment': 0.04506013442716931, 'this': 0.03120831204458074, 'but': 0.02835673266786506, 'a': 0.028166307295146086, 'was': 0.027460852563629325, 'my': 0.02269639884824082, 'so': 0.020100325024519992}"
0.8994708994708994,0.8994680851063831,0.8995156368116024,0.8994708994708994,0.9,1,0.9047619047619048,0.898936170212766,0.9037433155080213,0.8941798941798942,"[1648060, 1640508, 1640657, 1644496, 1644228, 1644437, 1644480, 1644497, 1644306, 1640650, 1648215, 1648148, 1640778, 1644395, 1640763, 1640780, 1640768, 1644455]","[1665700, 1665933, 1662802, 1662961, 1668624, 1663054, 1668468, 1662900, 1665540, 1662962, 1668686, 1669735, 1669652, 1668792, 1669600, 1662792, 1668332, 1665844, 1665830, 1668436]","{'i': 0.08297860522487538, 'RB': 0.056082849891174034, 'VBD': 0.041006499753717805, 'sentiment': 0.039911457560442475, 'this': 0.03745075604872906, 'a': 0.030193697987116373, 'not': 0.02967034773005925, 'was': 0.027212985689538186, 'but': 0.027038598019452752, 'my': 0.025367117149831028}"
0.9074074074074074,0.9073756432246998,0.907967032967033,0.9074074074074074,0.90909,1,0.9259259259259259,0.9056603773584906,0.9230769230769231,0.8888888888888888,"[1644496, 1644487, 1644501, 1648184, 1644489, 1640762, 1651691, 1648045, 1644306, 1640588, 1640654, 1648206, 1648148, 1644267]","[1662988, 1663028, 1669586, 1662840, 1662797, 1662754, 1662977, 1662860, 1665582, 1665553, 1669604, 1662611, 1662688, 1669710, 1662702, 1665928, 1668726, 1668598, 1665527, 1665974, 1665888]","{'i': 0.08792745319305362, 'RB': 0.06220296307117666, 'sentiment': 0.045459323974555356, 'VBD': 0.04089445625130052, 'a': 0.03752425924344689, 'was': 0.032744731535049025, 'this': 0.032201022032373794, 'but': 0.026516364127207086, 'not': 0.0239476664526314, 'have': 0.021017484182166}"
0.8862433862433863,0.886108678134744,0.8880794329432945,0.8862433862433863,0.89003,1,0.9206349206349206,0.8821917808219178,0.9147727272727273,0.8518518518518519,"[1644401, 1648018, 1644492, 1648045, 1644253, 1644493, 1648194, 1640779, 1648215, 1644506, 1644395, 1648102, 1640650, 1640771, 1647986]","[1662616, 1668598, 1668482, 1668588, 1665943, 1662906, 1665539, 1662988, 1663147, 1669729, 1662964, 1665773, 1668414, 1668624, 1668870, 1665564, 1662954, 1665974, 1662601, 1662962, 1668550, 1665552, 1669669, 1663036, 1666006, 1662704, 1668841, 1662905]","{'i': 0.0888557221634974, 'RB': 0.05852919180777895, 'this': 0.046616708695689076, 'VBD': 0.04197464209525859, 'sentiment': 0.04178244055927757, 'a': 0.035955050847295104, 'was': 0.03377774780904774, 'have': 0.028153422269256555, 'not': 0.022938772836223423, 'VBZ': 0.02253622267052889}"
0.8835978835978836,0.883584847551586,0.8837697801428372,0.8835978835978836,0.88482,1,0.8941798941798942,0.8823529411764706,0.8918918918918919,0.873015873015873,"[1647957, 1640784, 1648123, 1644507, 1644401, 1648194, 1644506, 1644430, 1644269, 1644480, 1648199, 1640782, 1651664, 1648192, 1640776, 1640778, 1644419, 1648184, 1640508, 1640582]","[1662900, 1665833, 1662702, 1668706, 1669735, 1665639, 1668855, 1662954, 1668449, 1668450, 1663028, 1665973, 1665910, 1665840, 1665725, 1668505, 1666021, 1669612, 1665620, 1662905, 1665679, 1665554, 1662871, 1665518]","{'i': 0.09062489144387877, 'RB': 0.06047994175723277, 'sentiment': 0.04977523321375655, 'VBD': 0.0429041304630202, 'this': 0.04194355483406996, 'was': 0.03825844784532808, 'a': 0.03211123720566726, 'VBZ': 0.024752768422407177, 'my': 0.02192840774218649, 'not': 0.021786741447728505}"
0.8941798941798942,0.8941057821604662,0.8952864883074592,0.8941798941798942,0.89691,1,0.9206349206349206,0.8913043478260869,0.9162011173184358,0.8677248677248677,"[1640657, 1644418, 1640508, 1640582, 1648211, 1648204, 1648018, 1644499, 1644267, 1644441, 1640588, 1644493, 1648194, 1651680, 1644355]","[1665834, 1662905, 1665626, 1665974, 1665843, 1665910, 1665554, 1662802, 1662906, 1662917, 1665988, 1665821, 1669680, 1665840, 1662815, 1669604, 1668750, 1662983, 1665812, 1662840, 1665643, 1662723, 1668598, 1665949, 1662742]","{'i': 0.09159874463203527, 'RB': 0.06393828376170661, 'VBD': 0.049412724015177496, 'sentiment': 0.04773972133960606, 'this': 0.03982989858477716, 'a': 0.035615152279561406, 'was': 0.0344703377933153, 'but': 0.028101122864395242, 'do': 0.02438996546663421, 'so': 0.021784832881580268}"
0.8968253968253969,0.8965640633441619,0.9008766968325791,0.8968253968253969,0.90176,1,0.9470899470899471,0.8913649025069638,0.9411764705882353,0.8465608465608465,"[1648099, 1648102, 1648060, 1644441, 1640771, 1640773, 1648148, 1644502, 1647950, 1647964]","[1662852, 1663036, 1665844, 1665725, 1669688, 1668516, 1669626, 1668792, 1662660, 1665720, 1665974, 1668394, 1668400, 1663028, 1668449, 1668833, 1668419, 1662860, 1665989, 1669602, 1662742, 1665507, 1666006, 1668726, 1662954, 1665564, 1662694, 1665938, 1663035]","{'i': 0.09216434750263983, 'RB': 0.061179519319509774, 'this': 0.04269766243144888, 'VBD': 0.04224583979364921, 'sentiment': 0.0327851180748421, 'was': 0.029890121960892385, 'a': 0.02890519545802885, 'but': 0.023688789530460896, 'my': 0.02305265657874063, 'do': 0.02238407121327715}"
0.9153439153439153,0.9153415453527435,0.9153904303272952,0.9153439153439153,0.91579,1,0.9206349206349206,0.9148936170212766,0.9197860962566845,0.91005291005291,"[1640705, 1644498, 1644497, 1640524, 1647986, 1648060, 1644306, 1644491, 1640768, 1648022, 1651691, 1640582, 1644418, 1644267, 1644451]","[1668450, 1665829, 1662660, 1662627, 1665938, 1668870, 1668706, 1669688, 1665620, 1662900, 1668550, 1663040, 1668819, 1668580, 1665464, 1668516, 1665776]","{'i': 0.09462437445301741, 'RB': 0.05758197723447682, 'VBD': 0.043000843697230416, 'sentiment': 0.03944295627126739, 'this': 0.035723882868897605, 'a': 0.030326587803423656, 'was': 0.02964665969993835, 'do': 0.023495074044228043, 'my': 0.02108028094382481, 'and': 0.019614016399139938}"
0.8994708994708994,0.899445564516129,0.899873896595208,0.8994708994708994,0.90104,1,0.9153439153439153,0.8978494623655914,0.912568306010929,0.8835978835978836,"[1648120, 1640654, 1648133, 1648213, 1640635, 1648151, 1644498, 1648161, 1644307, 1640785, 1648045, 1640762, 1640650, 1651670, 1640755, 1644333]","[1669602, 1665711, 1668442, 1665660, 1662799, 1665770, 1665610, 1666007, 1662836, 1668833, 1665564, 1668366, 1665974, 1662983, 1665620, 1669732, 1668393, 1669572, 1668813, 1665886, 1663040, 1668822]","{'i': 0.10023683360520338, 'RB': 0.06109475444019544, 'VBD': 0.04510471292253251, 'sentiment': 0.043956798623095636, 'a': 0.04063601311472961, 'this': 0.03948280486129821, 'was': 0.03433605500456104, 'and': 0.021085683559109832, 'DT': 0.018967380814317272, 'not': 0.01890948610967291}"
0.9074074074074074,0.9073548875023634,0.9083333333333334,0.9074074074074074,0.90956,1,0.9312169312169312,0.9051490514905149,0.9277777777777778,0.8835978835978836,"[1640763, 1644451, 1644267, 1644498, 1648022, 1651691, 1648184, 1640508, 1651680, 1644487, 1640701, 1644471, 1647986]","[1665694, 1668618, 1668419, 1668854, 1668845, 1662742, 1662602, 1668686, 1662668, 1662792, 1668308, 1665590, 1662851, 1662956, 1662704, 1669579, 1662646, 1668504, 1663043, 1669732, 1669680, 1663040]","{'i': 0.09178583992750211, 'RB': 0.05458413884602382, 'VBD': 0.050623854498528374, 'sentiment': 0.043026956698516895, 'a': 0.035341378403932006, 'this': 0.033261311847122256, 'was': 0.027555616132265558, 'so': 0.02343154707154891, 'VBZ': 0.022784078293608675, 'but': 0.019909014778266496}"
0.8941798941798942,0.8939899598956726,0.8970252361483153,0.8941798941798942,0.89848,1,0.9365079365079365,0.8895027624309392,0.930635838150289,0.8518518518518519,"[1648213, 1648184, 1644253, 1644485, 1651691, 1648211, 1640654, 1640778, 1640705, 1640588, 1651680, 1644419]","[1669652, 1665625, 1665720, 1668750, 1663035, 1665632, 1662874, 1662815, 1665957, 1668449, 1669710, 1668624, 1668400, 1665700, 1662637, 1668736, 1665660, 1669620, 1662639, 1668616, 1662802, 1669578, 1668380, 1663036, 1668635, 1668366, 1665540, 1662886]","{'i': 0.09281927189564972, 'RB': 0.05908993346405185, 'VBD': 0.048831953960179274, 'sentiment': 0.04125882004584006, 'this': 0.04030865590895568, 'was': 0.038214356233007125, 'a': 0.03413428123940752, 'do': 0.02393888125740094, 'but': 0.02271010697296362, 'so': 0.019831222422861394}"
0.9047619047619048,0.9047192269990197,0.905488403399052,0.9047619047619048,0.9027,1,0.8835978835978836,0.9067357512953368,0.8883248730964467,0.9259259259259259,"[1647957, 1644498, 1644307, 1644495, 1648133, 1644496, 1644269, 1640757, 1648022, 1644228, 1640785, 1651691, 1644491, 1640592, 1648045, 1640588, 1640705, 1651727, 1640657, 1648120, 1644503, 1644441]","[1662646, 1669596, 1668595, 1669602, 1668724, 1665786, 1665620, 1662880, 1662660, 1668419, 1668400, 1662668, 1666007, 1665532]","{'i': 0.08553620136349299, 'RB': 0.053630620559006914, 'sentiment': 0.04505324417477834, 'VBD': 0.04296788012785768, 'this': 0.03214975049442534, 'but': 0.029127940783364, 'was': 0.027367776018443025, 'a': 0.02667867936364952, 'not': 0.02519611105909606, 'VBZ': 0.023447995545228216}"
0.8783068783068783,0.8781397174254317,0.8803940886699507,0.8783068783068783,0.88265,1,0.9153439153439153,0.8736263736263736,0.9085714285714286,0.8412698412698413,"[1644480, 1644501, 1644491, 1644473, 1651710, 1640763, 1647950, 1640650, 1644441, 1644306, 1648202, 1644267, 1648099, 1648184, 1644355, 1640768]","[1668410, 1669579, 1669612, 1662639, 1665554, 1665827, 1665888, 1663140, 1665632, 1669616, 1662616, 1665689, 1668439, 1668394, 1665545, 1665844, 1662672, 1668589, 1662862, 1665728, 1662886, 1668726, 1668822, 1665711, 1669710, 1665780, 1665943, 1668550, 1665643, 1665821]","{'i': 0.09123845819345518, 'RB': 0.06282272716104131, 'VBD': 0.04821148073765678, 'sentiment': 0.0436503147294144, 'this': 0.03878298922434577, 'a': 0.035941107501021405, 'was': 0.030127773507912056, 'but': 0.02719974779143764, 'my': 0.024414455972303396, 'VBZ': 0.01976226478460487}"
0.8915343915343915,0.8914971820632197,0.8920722135007849,0.8915343915343915,0.89351,1,0.91005291005291,0.889487870619946,0.9065934065934066,0.873015873015873,"[1648199, 1640755, 1651710, 1644307, 1648133, 1644395, 1640778, 1648099, 1644495, 1648206, 1648150, 1640650, 1644498, 1644349, 1648211, 1640582, 1644502]","[1662799, 1662838, 1665679, 1668473, 1662871, 1668454, 1663048, 1665552, 1662845, 1665957, 1665844, 1668380, 1665776, 1668624, 1669683, 1662963, 1668798, 1662650, 1665711, 1668366, 1665725, 1665840, 1665908, 1669600]","{'i': 0.08554531849754826, 'RB': 0.05464336111833159, 'VBD': 0.0445779718190467, 'this': 0.04174556987977452, 'sentiment': 0.04139735776952081, 'a': 0.03098552999104425, 'but': 0.029522309988121602, 'was': 0.028258066831164556, 'not': 0.02741447670790648, 'my': 0.022206150487766717}"
0.9047619047619048,0.9047192269990197,0.905488403399052,0.9047619047619048,0.90674,1,0.9259259259259259,0.9027027027027027,0.9226519337016574,0.8835978835978836,"[1644502, 1644401, 1640773, 1644418, 1644491, 1644455, 1647948, 1644395, 1647983, 1644501, 1644496, 1644495, 1648022, 1648083]","[1668436, 1662742, 1662983, 1662860, 1668580, 1668792, 1665564, 1665949, 1665610, 1665728, 1665590, 1665686, 1662668, 1665601, 1668615, 1662601, 1668607, 1665910, 1669600, 1665553, 1665950, 1668855]","{'i': 0.09109801250834602, 'RB': 0.056419033593095726, 'sentiment': 0.0440210512535869, 'VBD': 0.04007162485440213, 'this': 0.03767505679445157, 'a': 0.028800297585195315, 'but': 0.02738224722180998, 'see': 0.024854904607563656, 'do': 0.02369389992028141, 'was': 0.023106640420262316}"
0.8783068783068783,0.8781397174254317,0.8803940886699507,0.8783068783068783,0.88265,1,0.9153439153439153,0.8736263736263736,0.9085714285714286,0.8412698412698413,"[1648018, 1640789, 1644491, 1644506, 1640654, 1644454, 1648045, 1640588, 1644480, 1644355, 1640650, 1640768, 1644267, 1648083, 1648108, 1644502]","[1668330, 1669578, 1663147, 1665827, 1662628, 1668856, 1662818, 1665881, 1668346, 1668624, 1668792, 1665888, 1662616, 1665590, 1665500, 1665764, 1662627, 1665639, 1669600, 1668623, 1662963, 1669596, 1665470, 1668616, 1662934, 1665989, 1665776, 1662645, 1665603, 1663040]","{'i': 0.09588539774367387, 'RB': 0.05850609209692725, 'VBD': 0.04949365278670246, 'sentiment': 0.04411938484889843, 'this': 0.03336644773654468, 'a': 0.026902999954784526, 'but': 0.025246356154260734, 'was': 0.025012318712324857, 'not': 0.023436913427860386, 'the': 0.023079630774707545}"
0.9021164021164021,0.9020828228375397,0.9026687598116169,0.9021164021164021,0.9039,1,0.9206349206349206,0.9002695417789758,0.9175824175824175,0.8835978835978836,"[1640768, 1648215, 1648120, 1648018, 1648206, 1644446, 1644454, 1644451, 1648213, 1651727, 1648151, 1644491, 1640654, 1640705, 1640763]","[1668400, 1668516, 1665786, 1662954, 1665950, 1662826, 1662818, 1662815, 1663147, 1668443, 1663098, 1662988, 1663166, 1668430, 1665553, 1668822, 1662871, 1665750, 1665626, 1668389, 1668672, 1662660]","{'i': 0.08318872207184139, 'RB': 0.06025494516734774, 'VBD': 0.04463786982206969, 'sentiment': 0.04455931796276776, 'this': 0.03648228267253374, 'was': 0.031618149886020235, 'a': 0.027625632174585302, 'but': 0.026795212168856945, 'do': 0.024780791907664836, 'not': 0.02103040954618176}"
0.9021164021164021,0.9021102362204725,0.9022177419354839,0.9021164021164021,0.90289,1,0.91005291005291,0.9013333333333333,0.9086021505376344,0.8941798941798942,"[1644491, 1644506, 1648151, 1644269, 1648099, 1644355, 1640771, 1644480, 1648120, 1644441, 1640635, 1648215, 1644498, 1648184, 1644493, 1640768, 1648194]","[1668330, 1662797, 1665632, 1665660, 1665533, 1665990, 1665847, 1668615, 1665620, 1669688, 1665910, 1665938, 1668414, 1665590, 1663054, 1665539, 1665829, 1665809, 1668645, 1663058]","{'i': 0.09074158170115783, 'RB': 0.07097586918199898, 'sentiment': 0.043444551388088455, 'VBD': 0.04303594072926617, 'this': 0.03931002746205039, 'but': 0.03218355020281793, 'was': 0.029198895149113988, 'not': 0.026314523914973287, 'a': 0.021161521739363948, 'have': 0.019761982560914493}"
0.8809523809523809,0.8809115412888998,0.8814756671899528,0.8809523809523809,0.88312,1,0.8994708994708994,0.8787061994609164,0.8956043956043956,0.8624338624338624,"[1648201, 1640767, 1640759, 1640635, 1648215, 1640778, 1644493, 1640773, 1648102, 1640765, 1648148, 1648194, 1644495, 1644489, 1648213, 1644497, 1644488, 1648199, 1644307]","[1665694, 1665833, 1662860, 1665750, 1662694, 1662817, 1668554, 1668330, 1668852, 1665533, 1665564, 1663028, 1665881, 1662871, 1665689, 1665830, 1662954, 1669600, 1663054, 1668596, 1665610, 1668855, 1665488, 1669710, 1665527, 1668419]","{'i': 0.09188062697197602, 'RB': 0.05274088377163088, 'sentiment': 0.04719131300511733, 'VBD': 0.04411215693443643, 'this': 0.04049765288756525, 'a': 0.03968512958887371, 'but': 0.03202221282421159, 'was': 0.02951658432579675, 'DT': 0.023514334130804886, 'have': 0.022439278434654035}"
0.8809523809523809,0.8809115412888998,0.8814756671899528,0.8809523809523809,0.88312,1,0.8994708994708994,0.8787061994609164,0.8956043956043956,0.8624338624338624,"[1640508, 1644496, 1644418, 1644419, 1640759, 1648215, 1648120, 1648060, 1640785, 1644455, 1648123, 1648081, 1644493, 1651710, 1640582, 1648108, 1648083, 1648045, 1647957]","[1662874, 1668394, 1662934, 1668436, 1666012, 1668580, 1669735, 1662983, 1665776, 1662838, 1668724, 1665910, 1662639, 1662818, 1668645, 1669625, 1665609, 1668425, 1663043, 1668798, 1663028, 1662840, 1662852, 1662988, 1668739, 1662907]","{'i': 0.10371190544200942, 'RB': 0.060859344831485515, 'VBD': 0.04597390357064721, 'sentiment': 0.042751557771113766, 'this': 0.03891469009391383, 'was': 0.03283125517606298, 'a': 0.0323901519988346, 'but': 0.031270298953698816, 'do': 0.025136267455239086, 'my': 0.020168300190841804}"
0.8915343915343915,0.8914728682170543,0.8924242424242423,0.8915343915343915,0.89406,1,0.9153439153439153,0.8888888888888888,0.9111111111111111,0.8677248677248677,"[1648145, 1640789, 1644306, 1644401, 1648083, 1644239, 1640592, 1644408, 1648211, 1640778, 1644495, 1644454, 1640590, 1651691, 1640767, 1644441]","[1665893, 1668464, 1663004, 1665943, 1665643, 1669688, 1665720, 1668595, 1668672, 1668635, 1662840, 1665974, 1665780, 1669683, 1668791, 1669684, 1665538, 1665910, 1665689, 1663156, 1662792, 1662832, 1665944, 1662961, 1662649]","{'i': 0.07851650146401216, 'RB': 0.06100009764718729, 'VBD': 0.04399779007852063, 'sentiment': 0.042202403583957125, 'this': 0.03922814551672163, 'was': 0.03600919774691571, 'a': 0.03360794755170332, 'but': 0.02850828847778118, 'my': 0.024605964322277855, 'do': 0.022618440538809455}"
0.8809523809523809,0.8807646205286733,0.883367139959432,0.8809523809523809,0.8855,1,0.9206349206349206,0.8760330578512396,0.9137931034482759,0.8412698412698413,"[1648194, 1648211, 1644401, 1648108, 1648022, 1644451, 1644307, 1640705, 1640767, 1644441, 1640779, 1644489, 1644507, 1640773, 1640778]","[1662646, 1662848, 1662977, 1668854, 1665643, 1662616, 1662601, 1669620, 1668394, 1668439, 1666006, 1665540, 1668464, 1668482, 1668635, 1669732, 1665693, 1669600, 1668332, 1665974, 1668841, 1669706, 1668580, 1669602, 1665786, 1662626, 1662742, 1668516, 1665812, 1662721]","{'i': 0.09539709747964252, 'RB': 0.06004953550828335, 'sentiment': 0.04458110819377769, 'VBD': 0.0419685095281638, 'this': 0.03368577831033039, 'a': 0.027168785027789775, 'was': 0.02498420885162192, 'DT': 0.024626739221034963, 'not': 0.023808068817425376, 'have': 0.023441285737697087}"
0.9021164021164021,0.9020992727094549,0.9023980277902287,0.9021164021164021,0.90339,1,0.9153439153439153,0.900804289544236,0.9130434782608695,0.8888888888888888,"[1651710, 1644454, 1648120, 1644451, 1640582, 1640635, 1647957, 1648213, 1644267, 1644489, 1648123, 1644446, 1644506, 1644333, 1648191, 1640776]","[1662906, 1665900, 1662660, 1662851, 1669652, 1668607, 1669583, 1662986, 1662704, 1668852, 1669735, 1662650, 1662627, 1665818, 1668458, 1669700, 1663156, 1669604, 1665829, 1665910, 1668400]","{'i': 0.08857014569016199, 'RB': 0.06825861842432578, 'VBD': 0.04532181738847562, 'sentiment': 0.03995596484832886, 'a': 0.029712863141189906, 'was': 0.029384598313788608, 'this': 0.02596251760264685, 'but': 0.02517992079431878, 'VBZ': 0.02231216237515703, 'my': 0.021790321131491902}"
0.8941798941798942,0.8941532258064516,0.894577553593947,0.8941798941798942,0.89583,1,0.91005291005291,0.8924731182795699,0.907103825136612,0.8783068783068783,"[1651710, 1644480, 1640782, 1644349, 1644507, 1640763, 1647950, 1644355, 1644333, 1640759, 1640508, 1640590, 1640635, 1648194, 1644401, 1644496, 1640701]","[1665711, 1665844, 1663036, 1663043, 1669680, 1665470, 1662956, 1662637, 1669649, 1668846, 1669704, 1668436, 1668410, 1668389, 1665564, 1668393, 1662770, 1668852, 1668635, 1666006, 1669625, 1665933, 1668414]","{'i': 0.09286449021426968, 'RB': 0.05794652045635647, 'sentiment': 0.04094353299368761, 'VBD': 0.03948261822517741, 'was': 0.034502684330672606, 'a': 0.033659365019667244, 'this': 0.03269992328407221, 'my': 0.0234396784019343, 'not': 0.023378215189708035, 'but': 0.023202880527124655}"
0.917989417989418,0.9178923028413271,0.9199763726372637,0.917989417989418,0.92072,1,0.9523809523809523,0.915068493150685,0.9488636363636364,0.8835978835978836,"[1644267, 1648213, 1644451, 1644333, 1644485, 1648099, 1648083, 1651727, 1644455]","[1662826, 1662792, 1668789, 1665516, 1662821, 1668607, 1662799, 1663043, 1668736, 1662616, 1668366, 1662646, 1669683, 1665940, 1665944, 1665933, 1669572, 1665943, 1662650, 1662848, 1665507, 1662962]","{'i': 0.09715756762799926, 'RB': 0.05595988156557916, 'this': 0.04498396879644951, 'sentiment': 0.04385842443402781, 'VBD': 0.03470286734500832, 'was': 0.03267537286064525, 'a': 0.030401623691009294, 'so': 0.024114512886855188, 'not': 0.023893016798733124, 'but': 0.02312820357898973}"
0.9074074074074074,0.9074015748031495,0.9075100806451613,0.9074074074074074,0.90814,1,0.9153439153439153,0.9066666666666666,0.9139784946236559,0.8994708994708994,"[1644501, 1648224, 1651680, 1640592, 1648215, 1644257, 1640635, 1648060, 1644451, 1644418, 1648123, 1648120, 1644507, 1640779, 1640759, 1648102]","[1668819, 1668645, 1665990, 1665507, 1668468, 1665933, 1669612, 1663054, 1662871, 1665552, 1665988, 1662838, 1665639, 1668482, 1665564, 1665582, 1669613, 1663043, 1665906]","{'i': 0.08225931301035348, 'RB': 0.05736761802232671, 'VBD': 0.05535818153503746, 'sentiment': 0.03504742617174352, 'was': 0.03263569685425701, 'this': 0.032621503116577265, 'a': 0.029227233412777318, 'but': 0.02548891139239092, 'not': 0.021074622087986765, 'have': 0.020032723075965323}"
0.917989417989418,0.9179750663241378,0.9182821604661587,0.917989417989418,0.91689,1,0.9047619047619048,0.9190600522193212,0.9072164948453608,0.9312169312169312,"[1644467, 1648151, 1644493, 1648045, 1644401, 1640588, 1651691, 1648211, 1648148, 1647950, 1648018, 1640765, 1640763, 1640762, 1644355, 1648193, 1644489, 1648180]","[1665601, 1665554, 1663048, 1668833, 1663140, 1662962, 1669706, 1665881, 1665700, 1666021, 1668415, 1669604, 1665948]","{'i': 0.08476114759195147, 'RB': 0.053725788490650475, 'VBD': 0.04638182708138392, 'a': 0.03895630067300111, 'sentiment': 0.0383138975262912, 'this': 0.031750819874725514, 'but': 0.029158885712398906, 'was': 0.025797251313770544, 'and': 0.019980227447181417, 'not': 0.0192153304556129}"
0.8835978835978836,0.8833333333333333,0.8871090770404271,0.8835978835978836,0.88889,1,0.9312169312169312,0.8777777777777778,0.9239766081871345,0.8359788359788359,"[1644307, 1640650, 1640635, 1648215, 1647950, 1648161, 1644491, 1644239, 1640773, 1644480, 1647986, 1644485, 1644269]","[1668616, 1669625, 1668572, 1665639, 1668516, 1662754, 1665464, 1668482, 1668686, 1666007, 1668750, 1665833, 1668330, 1668588, 1665928, 1662954, 1669602, 1662704, 1662815, 1665540, 1669600, 1669572, 1665590, 1663028, 1669700, 1665988, 1662668, 1665620, 1668414, 1665770, 1668813]","{'i': 0.09488062504194988, 'RB': 0.0641646131011513, 'VBD': 0.04395278090394366, 'this': 0.039121558979348665, 'sentiment': 0.035676883385280446, 'not': 0.030633776930246614, 'but': 0.03011329170845987, 'a': 0.025862249950987865, 'was': 0.025529886527096743, 'have': 0.02159799950476132}"
0.8994708994708994,0.8993694829760404,0.901087781431824,0.8994708994708994,0.90256,1,0.9312169312169312,0.8961748633879781,0.9265536723163842,0.8677248677248677,"[1640765, 1648148, 1644269, 1648099, 1648211, 1648151, 1644507, 1648120, 1640701, 1640508, 1640582, 1648018, 1648060]","[1662848, 1665507, 1668609, 1665988, 1665538, 1665938, 1665689, 1662797, 1662799, 1668419, 1662977, 1668443, 1668645, 1669625, 1668616, 1665822, 1665518, 1665812, 1662626, 1662639, 1662611, 1663054, 1663147, 1662672, 1662722]","{'i': 0.09275339348568819, 'RB': 0.056923538404861036, 'VBD': 0.04408060240490703, 'this': 0.042783264429107924, 'sentiment': 0.04139953391500175, 'was': 0.03592804264273667, 'a': 0.0342326590804313, 'my': 0.022410484562880098, 'the': 0.021341746650835988, 'VBZ': 0.021224384068490504}"
0.8915343915343915,0.8914971820632197,0.8920722135007849,0.8915343915343915,0.89351,1,0.91005291005291,0.889487870619946,0.9065934065934066,0.873015873015873,"[1648108, 1648211, 1651710, 1640582, 1644467, 1651727, 1644395, 1648151, 1644269, 1644502, 1647950, 1640508, 1644493, 1640701, 1644253, 1648060, 1644307]","[1668468, 1668482, 1668332, 1668449, 1662860, 1668442, 1668686, 1662646, 1663092, 1662660, 1665472, 1665807, 1668791, 1669652, 1665487, 1668458, 1665693, 1665728, 1665720, 1668724, 1668645, 1665700, 1665773, 1669735]","{'i': 0.0900210790024612, 'RB': 0.06145777013877114, 'sentiment': 0.04782676211409737, 'VBD': 0.046847224372482114, 'this': 0.04033653326316914, 'was': 0.030749871242237714, 'a': 0.027326171024486392, 'DT': 0.023396856055210045, 'but': 0.022773619578820452, 'my': 0.020257209769887524}"
0.8756613756613757,0.8756605054485137,0.8756718924972005,0.8756613756613757,0.87599,1,0.8783068783068783,0.8753315649867374,0.8776595744680851,0.873015873015873,"[1644267, 1644480, 1648123, 1647986, 1640767, 1640779, 1651710, 1644497, 1640768, 1640657, 1648184, 1648108, 1644467, 1648022, 1648204, 1648133, 1644455, 1644485, 1644506, 1651691, 1648018, 1648199, 1644253]","[1668726, 1662797, 1668430, 1668750, 1665881, 1668838, 1668332, 1665818, 1665900, 1668400, 1668845, 1663028, 1662611, 1665500, 1662954, 1665829, 1665840, 1662880, 1665988, 1668410, 1662646, 1668414, 1669583, 1668635]","{'i': 0.08620491705296826, 'RB': 0.05790694269664977, 'this': 0.045146490958539814, 'sentiment': 0.043404272347607194, 'a': 0.037946851322489136, 'VBD': 0.03609962417655343, 'but': 0.029918137792547407, 'was': 0.027800411984784574, 'do': 0.025582913184450197, 'my': 0.022562632389677657}"
0.9126984126984127,0.9124772843681371,0.9169117647058824,0.9126984126984127,0.91688,1,0.9629629629629629,0.9080779944289693,0.9588235294117647,0.8624338624338624,"[1644493, 1640541, 1648215, 1644419, 1640632, 1640763, 1640657]","[1668822, 1668332, 1665949, 1662840, 1665700, 1665516, 1668645, 1662988, 1665603, 1668489, 1665764, 1668662, 1662792, 1668791, 1662826, 1665928, 1662616, 1668457, 1669626, 1665834, 1669710, 1669600, 1665742, 1662963, 1662645, 1662797]","{'i': 0.08954449165029871, 'RB': 0.0656623624877003, 'sentiment': 0.051424150648111545, 'this': 0.042701711658584045, 'a': 0.037632888104852526, 'VBD': 0.03634226641568164, 'but': 0.02842251869668062, 'was': 0.027622822538904357, 'VBZ': 0.02301734637674713, 'not': 0.020609846517814036}"
0.8994708994708994,0.899445564516129,0.899873896595208,0.8994708994708994,0.90104,1,0.9153439153439153,0.8978494623655914,0.912568306010929,0.8835978835978836,"[1648045, 1644355, 1644487, 1640785, 1644451, 1644418, 1640768, 1640588, 1644497, 1644493, 1640763, 1648224, 1644498, 1644506, 1648099, 1644395]","[1669682, 1665818, 1665686, 1669680, 1668389, 1663028, 1662880, 1668442, 1669625, 1662704, 1662900, 1662906, 1662639, 1668686, 1665933, 1669700, 1668346, 1665832, 1662886, 1668822, 1663040, 1669735]","{'i': 0.07996841618539001, 'RB': 0.06144455475293158, 'VBD': 0.05383718801212347, 'sentiment': 0.050259901646759, 'a': 0.03745678157490471, 'was': 0.02839736146721643, 'this': 0.0282122437024064, 'but': 0.02217563350535384, 'my': 0.021785303170650243, 'so': 0.02154763460239161}"
0.9021164021164021,0.9020608810739269,0.9030303030303031,0.9021164021164021,0.90439,1,0.9259259259259259,0.8997289972899729,0.9222222222222223,0.8783068783068783,"[1648224, 1648120, 1647986, 1648123, 1651727, 1640771, 1648184, 1644418, 1644401, 1644467, 1648018, 1644497, 1648083, 1648211]","[1662963, 1668845, 1665833, 1668366, 1668662, 1665773, 1662646, 1665896, 1662754, 1665840, 1665847, 1662649, 1662832, 1668450, 1668624, 1665601, 1663166, 1662702, 1665974, 1662860, 1665940, 1668442, 1662905]","{'i': 0.08069189050443203, 'RB': 0.059398628825298595, 'sentiment': 0.04281734390417518, 'this': 0.042551666695892984, 'a': 0.035243477224556403, 'VBD': 0.034896362842517965, 'was': 0.028482086214761875, 'my': 0.02730165869316686, 'but': 0.02475931535945747, 'and': 0.022549188171555278}"
0.9021164021164021,0.902115717055213,0.902127659574468,0.9021164021164021,0.90186,1,0.8994708994708994,0.9023746701846965,0.9,0.9047619047619048,"[1644497, 1640755, 1651727, 1648193, 1648201, 1647986, 1644349, 1640768, 1644480, 1648148, 1644468, 1644267, 1648161, 1651670, 1644496, 1648213, 1648022, 1651680, 1644441]","[1663140, 1666021, 1665500, 1665532, 1665582, 1665933, 1666012, 1668310, 1665553, 1668346, 1663028, 1665843, 1665821, 1665938, 1665472, 1665818, 1662847, 1662737]","{'i': 0.08326144295190527, 'RB': 0.05714504585490835, 'VBD': 0.044237753390143214, 'sentiment': 0.04215689301915443, 'was': 0.03296121675075056, 'a': 0.028578096781097694, 'do': 0.02689106780456366, 'my': 0.026685826704623675, 'this': 0.025785735893017036, 'but': 0.024396728275259977}"
0.8968253968253969,0.8967379503092537,0.8981741573033708,0.8968253968253969,0.89974,1,0.9259259259259259,0.8937329700272479,0.9213483146067416,0.8677248677248677,"[1640784, 1644491, 1644485, 1644502, 1644446, 1640778, 1647986, 1644489, 1644506, 1651710, 1648204, 1648120, 1648060, 1648018]","[1668739, 1663140, 1662815, 1668506, 1665949, 1662797, 1662800, 1665933, 1668792, 1668616, 1662862, 1668618, 1668504, 1665829, 1665620, 1668672, 1662871, 1668798, 1665876, 1665679, 1665886, 1665840, 1665892, 1665553, 1665532]","{'i': 0.07756255279142081, 'RB': 0.05166389692070756, 'sentiment': 0.04812115629628516, 'this': 0.03973562943639007, 'was': 0.03953470240731123, 'a': 0.0351570263227569, 'VBD': 0.034574542166903706, 'but': 0.030899333860632674, 'have': 0.02428553112415101, 'not': 0.02279594800829109}"
0.9153439153439153,0.9153344345829716,0.9155300378098306,0.9153439153439153,0.91623,1,0.9259259259259259,0.9144385026737968,0.9243243243243243,0.9047619047619048,"[1644507, 1640592, 1648211, 1644349, 1648108, 1647948, 1644418, 1644333, 1648184, 1648099, 1644485, 1648148, 1640779, 1640782]","[1668415, 1668635, 1669688, 1668442, 1665786, 1669578, 1668454, 1662702, 1669704, 1662616, 1662815, 1662694, 1668482, 1665711, 1669735, 1669612, 1668310, 1665620]","{'i': 0.0901105662564545, 'RB': 0.05934152108422225, 'sentiment': 0.042756274552609816, 'VBD': 0.04220344870625372, 'this': 0.03936753889699249, 'a': 0.034767340705522204, 'was': 0.031858483456323056, 'do': 0.026599429170017678, 'but': 0.026214473934401333, 'my': 0.02580036628555937}"
0.9206349206349206,0.9206149193548387,0.9210592686002522,0.9206349206349206,0.92188,1,0.9365079365079365,0.9193548387096774,0.9344262295081968,0.9047619047619048,"[1640784, 1644498, 1648193, 1648204, 1648083, 1648215, 1644401, 1644493, 1644496, 1644489, 1647950, 1640590]","[1668855, 1662862, 1662660, 1668380, 1665472, 1662852, 1669729, 1665679, 1662988, 1663105, 1665834, 1662792, 1668468, 1662737, 1665881, 1665539, 1662646, 1665534]","{'i': 0.08648540056298606, 'RB': 0.05797655119733128, 'sentiment': 0.04720277076794024, 'VBD': 0.04335278782750964, 'this': 0.03775478832474165, 'a': 0.030934637456389472, 'was': 0.028550444564020755, 'but': 0.02571931275847981, 'do': 0.02443187560495803, 'not': 0.022688269864521358}"
0.8862433862433863,0.886108678134744,0.8880794329432945,0.8862433862433863,0.89003,1,0.9206349206349206,0.8821917808219178,0.9147727272727273,0.8518518518518519,"[1644253, 1644480, 1644269, 1648123, 1648120, 1640508, 1644501, 1640588, 1644306, 1648151, 1651691, 1644234, 1640778, 1644418, 1644395]","[1668791, 1665844, 1668366, 1665554, 1665639, 1668310, 1668580, 1668346, 1665928, 1669576, 1663036, 1668482, 1665564, 1669572, 1665516, 1665626, 1669704, 1668607, 1662650, 1662802, 1668706, 1665694, 1665944, 1662722, 1665693, 1668822, 1666007, 1665888]","{'i': 0.09605950754770562, 'RB': 0.05301987812199853, 'sentiment': 0.04158087336389359, 'this': 0.04050129615213948, 'VBD': 0.040019665084358544, 'was': 0.03584591970371019, 'a': 0.03388413968741448, 'but': 0.024277743203839068, 'my': 0.024177189551446602, 'not': 0.023263787262500318}"
0.8809523809523809,0.8808114073503136,0.8827632763276327,0.8809523809523809,0.88491,1,0.9153439153439153,0.8767123287671232,0.9090909090909091,0.8465608465608465,"[1644454, 1640755, 1644395, 1640782, 1644333, 1640759, 1644473, 1644306, 1644401, 1640654, 1644234, 1647983, 1648215, 1644405, 1644496, 1644507]","[1669602, 1662754, 1665834, 1668813, 1665626, 1668492, 1668596, 1669625, 1668854, 1668645, 1668595, 1665843, 1662660, 1665564, 1668662, 1662723, 1668380, 1663063, 1662802, 1662860, 1665487, 1665812, 1668454, 1668393, 1668839, 1662742, 1665610, 1665694, 1668739]","{'i': 0.09148198613660022, 'RB': 0.05632437500219137, 'sentiment': 0.04298924175895527, 'this': 0.042140022107732815, 'VBD': 0.04070563311439122, 'a': 0.03557628230637619, 'was': 0.031154060467643394, 'DT': 0.02517624464271716, 'my': 0.021599223243860526, 'have': 0.021399975592179807}"
0.8597883597883598,0.8596695222151398,0.8610112359550561,0.8597883597883598,0.86375,1,0.8888888888888888,0.8555858310626703,0.8820224719101124,0.8306878306878307,"[1640592, 1648083, 1647986, 1640588, 1648180, 1644496, 1648194, 1644401, 1648099, 1648123, 1644253, 1640767, 1651691, 1648161, 1640635, 1647957, 1648213, 1644267, 1640776, 1648120, 1651680]","[1662906, 1662627, 1665829, 1665470, 1668724, 1662840, 1668572, 1662852, 1665974, 1665943, 1669706, 1665786, 1668336, 1668310, 1665750, 1665882, 1665539, 1668394, 1662886, 1665830, 1663004, 1669729, 1669600, 1665639, 1665500, 1668819, 1662639, 1665610, 1662721, 1666021, 1662900, 1663054]","{'i': 0.10080175592332727, 'RB': 0.06513382373743366, 'sentiment': 0.055663583687360546, 'VBD': 0.0422312306368758, 'this': 0.03577941696646175, 'was': 0.031457789492889215, 'a': 0.03136403694082714, 'but': 0.02263209470254319, 'my': 0.02133479588331571, 'see': 0.019674191580373188}"
0.9047619047619048,0.9046952039444196,0.9058982061143708,0.9047619047619048,0.90722,1,0.9312169312169312,0.9021739130434783,0.9273743016759777,0.8783068783068783,"[1648133, 1640592, 1648194, 1648151, 1644441, 1640514, 1648120, 1640782, 1644355, 1644467, 1640784, 1640654, 1640582]","[1665833, 1668442, 1662962, 1665632, 1668506, 1665488, 1668380, 1665552, 1662694, 1665634, 1662855, 1662847, 1668588, 1668609, 1665989, 1668750, 1662860, 1665938, 1665821, 1663140, 1666021, 1665540, 1662907]","{'i': 0.08417063745288042, 'RB': 0.0653381465665792, 'VBD': 0.041143708548218846, 'sentiment': 0.04105078685345141, 'a': 0.03248386202480073, 'was': 0.029588806021546944, 'this': 0.028890725888902104, 'but': 0.024700210572709033, 'so': 0.02298532994318756, 'not': 0.02129616713491665}"
0.9153439153439153,0.9153344345829716,0.9155300378098306,0.9153439153439153,0.91623,1,0.9259259259259259,0.9144385026737968,0.9243243243243243,0.9047619047619048,"[1648133, 1644437, 1640705, 1651691, 1644455, 1648204, 1651655, 1644501, 1648148, 1644307, 1644480, 1640650, 1640779, 1647964]","[1662694, 1665786, 1665639, 1665518, 1665632, 1662988, 1665773, 1662601, 1665554, 1665843, 1665844, 1662815, 1665601, 1662961, 1663048, 1665933, 1668449, 1663028]","{'i': 0.09103159299957017, 'RB': 0.056110060209808826, 'VBD': 0.050116112472116406, 'sentiment': 0.0415388500291263, 'a': 0.0325325824872351, 'this': 0.030264830512413143, 'not': 0.02731817873322743, 'my': 0.02727344254200506, 'was': 0.024488892816811547, 'but': 0.021211543460169353}"
0.8862433862433863,0.8861469708537927,0.8875561797752808,0.8862433862433863,0.88946,1,0.9153439153439153,0.8828337874659401,0.9101123595505618,0.8571428571428571,"[1640657, 1640773, 1640654, 1644506, 1648161, 1644441, 1644234, 1648060, 1640778, 1644455, 1651680, 1644446, 1644498, 1648151, 1644355, 1640763]","[1662862, 1662797, 1665557, 1665554, 1662742, 1665500, 1668618, 1662660, 1668726, 1665728, 1665700, 1665553, 1668504, 1662880, 1668596, 1669680, 1662830, 1668736, 1665829, 1662847, 1669710, 1662626, 1668414, 1668450, 1668506, 1662792, 1669700]","{'i': 0.08977465475477606, 'RB': 0.0608751513084664, 'VBD': 0.0425744167554732, 'a': 0.041337489059080655, 'sentiment': 0.0368795333816416, 'this': 0.03685448523739991, 'was': 0.02563067208804615, 'but': 0.024263153552488027, 'do': 0.022933379718062044, 'not': 0.022365800246215088}"
0.8835978835978836,0.883584847551586,0.8837697801428372,0.8835978835978836,0.88482,1,0.8941798941798942,0.8823529411764706,0.8918918918918919,0.873015873015873,"[1648217, 1644502, 1648099, 1640771, 1640588, 1651693, 1648022, 1640592, 1648148, 1640773, 1640650, 1648215, 1644455, 1640776, 1644499, 1640657, 1648097, 1644491, 1647985, 1644489]","[1665472, 1662602, 1668791, 1662797, 1669625, 1668436, 1665534, 1665601, 1662817, 1665500, 1665470, 1668580, 1662962, 1665720, 1663004, 1668419, 1665590, 1665896, 1665540, 1668598, 1665968, 1662694, 1665780, 1669706]","{'i': 0.10923069145287512, 'RB': 0.062393049642145586, 'VBD': 0.05432070790871703, 'sentiment': 0.04530085877919984, 'this': 0.03965024205422309, 'a': 0.02688204112602204, 'was': 0.024098737554229616, 'the': 0.023437996766456293, 'but': 0.023281445074786945, 'my': 0.022157462493328194}"
0.9021164021164021,0.9019180195659035,0.9053962519756152,0.9021164021164021,0.90633,1,0.9470899470899471,0.8975069252077562,0.9418604651162791,0.8571428571428571,"[1647986, 1648204, 1644267, 1644355, 1640768, 1640650, 1644506, 1648133, 1640763, 1648195]","[1665892, 1662917, 1665833, 1668791, 1665829, 1668833, 1668622, 1665487, 1662639, 1663048, 1665750, 1669572, 1668792, 1668618, 1662851, 1668400, 1665821, 1668813, 1663035, 1665693, 1668468, 1665601, 1662818, 1665764, 1668814, 1662704, 1665472]","{'i': 0.08553254940503222, 'RB': 0.06101551864876253, 'sentiment': 0.04520140175721774, 'VBD': 0.04088314842732817, 'a': 0.03318130077688253, 'this': 0.029766474338836665, 'was': 0.02618267983531231, 'but': 0.025403451319335416, 'not': 0.0246885543780812, 'do': 0.022466483808386815}"
0.8703703703703703,0.8703259005145798,0.8708791208791209,0.8703703703703703,0.87273,1,0.8888888888888888,0.8679245283018868,0.8846153846153846,0.8518518518518519,"[1644306, 1644446, 1648148, 1648215, 1644491, 1640753, 1644355, 1640534, 1644501, 1644269, 1644253, 1644451, 1644307, 1648217, 1648204, 1651727, 1644496, 1648161, 1648083, 1644485, 1644333]","[1662906, 1668798, 1665626, 1665809, 1668457, 1668380, 1665686, 1662815, 1665720, 1662886, 1665553, 1662962, 1665840, 1668598, 1666007, 1665807, 1668833, 1662770, 1665933, 1668346, 1665988, 1665876, 1665818, 1665533, 1662688, 1668400, 1663004, 1668813]","{'i': 0.09317369030376145, 'RB': 0.05486197177216343, 'VBD': 0.05040605995508326, 'sentiment': 0.039371400240547604, 'was': 0.033729940944703364, 'this': 0.03209390488355156, 'not': 0.030028020788464397, 'a': 0.028580957006325233, 'have': 0.027864403935444478, 'but': 0.024762106361259924}"
0.9047619047619048,0.9047379032258065,0.9051702395964693,0.9047619047619048,0.90625,1,0.9206349206349206,0.9032258064516129,0.9180327868852459,0.8888888888888888,"[1644267, 1651670, 1640765, 1640657, 1651693, 1644455, 1648133, 1644395, 1640590, 1648120, 1648199, 1648213, 1648184, 1644485, 1644489]","[1662602, 1668506, 1665532, 1663025, 1662601, 1665882, 1662962, 1662792, 1662847, 1662821, 1669710, 1668415, 1668400, 1668310, 1662639, 1668596, 1662649, 1662862, 1665986, 1669683, 1662954]","{'i': 0.09259091556655247, 'RB': 0.05060330096089874, 'sentiment': 0.048732192277614876, 'a': 0.0433554408930929, 'VBD': 0.04282350136758748, 'this': 0.02474354664741204, 'was': 0.02417263824361982, 'DT': 0.02356683030308455, 'do': 0.022634878234166246, 'but': 0.020543289678086975}"
0.8994708994708994,0.8993328100470956,0.9016748768472908,0.8994708994708994,0.8956,1,0.8624338624338624,0.9030612244897959,0.8719211822660099,0.9365079365079365,"[1640779, 1644451, 1640763, 1640771, 1644251, 1644267, 1644306, 1651670, 1644349, 1640755, 1640524, 1651693, 1640784, 1644253, 1651727, 1644499, 1640762, 1644408, 1640782, 1644234, 1644401, 1640508, 1644507, 1644502, 1648211, 1644455]","[1668442, 1662917, 1665988, 1662862, 1662754, 1665944, 1668662, 1668394, 1663048, 1668798, 1668635, 1665844]","{'i': 0.08535334855666565, 'RB': 0.05314997365926724, 'VBD': 0.04274718313270537, 'a': 0.03604643381320069, 'this': 0.03542372270057578, 'sentiment': 0.03430745400511025, 'was': 0.029548252765633394, 'my': 0.024910746257235546, 'have': 0.02206237196129838, 'VBZ': 0.020460719976916186}"
0.8994708994708994,0.8993328100470956,0.9016748768472908,0.8994708994708994,0.90306,1,0.9365079365079365,0.8956043956043956,0.9314285714285714,0.8624338624338624,"[1648199, 1644471, 1648108, 1648180, 1640650, 1640508, 1648161, 1640782, 1640624, 1640588, 1644485, 1644418]","[1665844, 1662797, 1663035, 1668607, 1662649, 1662851, 1665601, 1669700, 1668822, 1669683, 1668736, 1665859, 1662818, 1668332, 1665870, 1663156, 1668846, 1662799, 1665882, 1668739, 1665643, 1665539, 1665700, 1665974, 1665833, 1668598]","{'i': 0.09403518912089202, 'RB': 0.05011624247494438, 'VBD': 0.045742056492353265, 'sentiment': 0.04534962648028376, 'a': 0.03287145684644109, 'this': 0.0326723303400302, 'was': 0.032262050408830505, 'but': 0.030888451959144303, 'DT': 0.02140559172587344, 'not': 0.018323904540378712}"
0.9021164021164021,0.9020608810739269,0.9030303030303031,0.9021164021164021,0.89973,1,0.8783068783068783,0.9043927648578811,0.8838383838383839,0.9259259259259259,"[1648123, 1651693, 1651680, 1648224, 1644234, 1648204, 1648060, 1640654, 1640771, 1640763, 1647964, 1644454, 1640650, 1644502, 1648022, 1640765, 1648133, 1644498, 1648151, 1644473, 1648196, 1648148, 1644506]","[1665500, 1662799, 1662900, 1666021, 1665539, 1668854, 1662668, 1668662, 1668596, 1665944, 1662838, 1662847, 1662954, 1662962]","{'i': 0.09969596659430219, 'RB': 0.0572342031346106, 'VBD': 0.05037487954170868, 'this': 0.03925190804791796, 'sentiment': 0.033302119475546815, 'a': 0.031036056198200854, 'was': 0.03032232150356221, 'but': 0.0253653580354515, 'my': 0.0234152009075423, 'not': 0.022661101201126046}"
0.9047619047619048,0.9046658259773015,0.9064002023779407,0.9047619047619048,0.90769,1,0.9365079365079365,0.9016393442622951,0.9322033898305084,0.873015873015873,"[1644455, 1648161, 1644507, 1644501, 1644307, 1648213, 1644395, 1647950, 1640773, 1648211, 1640705, 1648083]","[1665540, 1662855, 1662792, 1662964, 1668330, 1669612, 1665487, 1665821, 1665893, 1662601, 1665829, 1665557, 1665725, 1669583, 1669732, 1669669, 1665773, 1662660, 1668595, 1665469, 1668694, 1666012, 1662754, 1665933]","{'i': 0.09285842305652872, 'RB': 0.05964952196159497, 'VBD': 0.04973897695307875, 'sentiment': 0.041174999730592195, 'a': 0.039392896108943705, 'this': 0.034841639338065555, 'was': 0.03463898429143114, 'so': 0.02153935966764807, 'my': 0.019674777588800586, 'but': 0.019533740537657135}"
0.8862433862433863,0.8862425900911934,0.8862541993281076,0.8862433862433863,0.88654,1,0.8888888888888888,0.8859416445623343,0.8882978723404256,0.8835978835978836,"[1644401, 1648120, 1640508, 1640642, 1640768, 1644487, 1648194, 1644349, 1640590, 1640757, 1648211, 1648123, 1644253, 1648045, 1640779, 1640657, 1644454, 1647964, 1644355, 1644418, 1644506]","[1668490, 1665534, 1668750, 1662625, 1665557, 1669604, 1665694, 1668595, 1665487, 1668588, 1668506, 1665989, 1668724, 1668310, 1665554, 1665725, 1668308, 1665948, 1665639, 1665834, 1668726, 1665896]","{'i': 0.08495498631690176, 'RB': 0.05834901664006888, 'VBD': 0.047392477008083016, 'a': 0.03810296094111973, 'sentiment': 0.03504498622376417, 'this': 0.03471217012653646, 'was': 0.028447468446234237, 'do': 0.0269007874398552, 'my': 0.02139061927287632, 'but': 0.020972152971094882}"
0.8994708994708994,0.8994596410672789,0.8996499089763338,0.8994708994708994,0.90052,1,0.91005291005291,0.8983957219251337,0.9081081081081082,0.8888888888888888,"[1644496, 1644501, 1644480, 1644488, 1640508, 1644467, 1648120, 1640514, 1648199, 1644492, 1644253, 1644473, 1648045, 1640771, 1640768, 1644419, 1644489]","[1662625, 1666012, 1665720, 1668394, 1663025, 1665750, 1668346, 1665843, 1669729, 1662792, 1665928, 1662880, 1665776, 1663004, 1668832, 1668454, 1668856, 1665643, 1665487, 1668755, 1662601]","{'i': 0.08882643727331034, 'RB': 0.06007596318107829, 'sentiment': 0.04798783001305939, 'VBD': 0.040774085931598314, 'this': 0.03954978003566343, 'a': 0.029075929002659307, 'was': 0.027662264352371936, 'but': 0.02706186851932015, 'not': 0.024857077474171235, 'the': 0.02097665260387565}"
0.8915343915343915,0.8915336324125335,0.8915453527435611,0.8915343915343915,0.89182,1,0.8941798941798942,0.8912466843501327,0.8936170212765957,0.8888888888888888,"[1648102, 1644349, 1651710, 1640778, 1644507, 1644451, 1644491, 1648201, 1648099, 1644441, 1644497, 1648083, 1648148, 1640590, 1640701, 1648211, 1648213, 1640763, 1640759, 1640771]","[1665938, 1662988, 1662977, 1665989, 1663043, 1668506, 1668739, 1665773, 1662848, 1665694, 1662688, 1668414, 1669729, 1668400, 1662880, 1663140, 1665833, 1662886, 1663063, 1668726, 1668870]","{'i': 0.099837201922467, 'RB': 0.04615525896297965, 'VBD': 0.042430447866494386, 'this': 0.04153642453379237, 'sentiment': 0.04150869774026741, 'was': 0.03311429104183614, 'a': 0.03194987680420879, 'do': 0.028089512493504186, 'but': 0.023722271235198142, 'have': 0.019822304953291736}"
0.8941798941798942,0.8940731399747793,0.8957753604857069,0.8941798941798942,0.89744,1,0.9259259259259259,0.8907103825136612,0.9209039548022598,0.8624338624338624,"[1644441, 1644496, 1644485, 1644495, 1644507, 1644455, 1644502, 1640763, 1648199, 1640508, 1640654, 1648099, 1640779, 1648133]","[1669625, 1662660, 1662988, 1665776, 1665634, 1665949, 1662917, 1665500, 1665928, 1668346, 1668813, 1669612, 1662722, 1668662, 1665933, 1665881, 1669704, 1662977, 1662650, 1662986, 1665944, 1668609, 1663043, 1668516, 1663146, 1662817]","{'i': 0.09535646999546993, 'RB': 0.05378563027062494, 'VBD': 0.03976773552835083, 'this': 0.038887983716840005, 'sentiment': 0.03596625851186834, 'was': 0.03229104336961908, 'a': 0.02827022582898331, 'so': 0.02678529240069113, 'but': 0.02668793249274523, 'not': 0.02281485481632019}"
0.8835978835978836,0.8835685483870968,0.883984867591425,0.8835978835978836,0.88542,1,0.8994708994708994,0.8817204301075269,0.8961748633879781,0.8677248677248677,"[1640780, 1648125, 1644493, 1648083, 1640650, 1648213, 1640767, 1644497, 1651710, 1647950, 1644507, 1640588, 1640592, 1640779, 1640514, 1648199, 1644471, 1644269, 1640763]","[1662602, 1668662, 1662646, 1662792, 1662988, 1665882, 1662917, 1668686, 1665516, 1668450, 1663054, 1665948, 1668739, 1662627, 1665829, 1663028, 1665878, 1668439, 1665552, 1665534, 1662964, 1665693, 1669729, 1668330, 1662668]","{'i': 0.08705255253470245, 'RB': 0.06603291017950147, 'VBD': 0.04777732902160328, 'sentiment': 0.044794924593009246, 'a': 0.035853274478191935, 'this': 0.028807165297792803, 'was': 0.02751991773022969, 'but': 0.025589783000222455, 'DT': 0.02327770096796222, 'do': 0.02270392491679501}"
0.8756613756613757,0.8756535433070866,0.8757560483870968,0.8756613756613757,0.87664,1,0.8835978835978836,0.8746666666666667,0.8817204301075269,0.8677248677248677,"[1648211, 1648184, 1651710, 1644395, 1640635, 1648022, 1640782, 1648045, 1648123, 1640705, 1648190, 1640784, 1640763, 1644502, 1648083, 1644455, 1644430, 1644506, 1648202, 1640776, 1648151, 1644507]","[1663147, 1665534, 1665728, 1665988, 1665886, 1669600, 1665700, 1668482, 1668624, 1668419, 1669625, 1665833, 1668458, 1663036, 1668750, 1665582, 1665780, 1665896, 1668450, 1662646, 1665933, 1668635, 1669732, 1669612, 1668308]","{'i': 0.09176454993437946, 'RB': 0.0691189951607198, 'VBD': 0.044689934293693626, 'sentiment': 0.04383876854586512, 'a': 0.037625286313870326, 'this': 0.03671662100408144, 'was': 0.02982901033983788, 'my': 0.025274864511515997, 'but': 0.024597360687341547, 'have': 0.018786388174527612}"
0.9021164021164021,0.9020004904880355,0.9040279027902789,0.9021164021164021,0.90537,1,0.9365079365079365,0.8986301369863013,0.9318181818181818,0.8677248677248677,"[1644491, 1644355, 1648201, 1640773, 1648022, 1644333, 1640650, 1644383, 1644306, 1644502, 1648199, 1644493]","[1668822, 1662627, 1665974, 1662702, 1666021, 1668819, 1665773, 1668756, 1662900, 1665834, 1662649, 1668813, 1666007, 1662792, 1665928, 1668588, 1662840, 1663036, 1665610, 1665469, 1669584, 1662754, 1662880, 1663004, 1663054]","{'i': 0.09422955004727536, 'RB': 0.05857130138868229, 'sentiment': 0.046702238936145654, 'VBD': 0.04197756827258223, 'this': 0.039744458614547375, 'was': 0.037134024787656324, 'a': 0.030382741320350307, 'but': 0.024755412631584067, 'do': 0.01922513798430079, 'the': 0.01771210854269162}"
0.9153439153439153,0.9153059795546843,0.9160894074094847,0.9153439153439153,0.9171,1,0.9365079365079365,0.9135135135135135,0.9337016574585635,0.8941798941798942,"[1647986, 1647950, 1651710, 1644495, 1648213, 1648102, 1644498, 1648192, 1648123, 1640705, 1644437, 1651727]","[1665773, 1665943, 1665812, 1668736, 1665938, 1663040, 1668596, 1668672, 1668310, 1668450, 1668706, 1668394, 1669586, 1668449, 1663055, 1662855, 1662852, 1669604, 1665770, 1665711]","{'i': 0.0884866519082888, 'RB': 0.051556999087508645, 'sentiment': 0.049901401946073315, 'VBD': 0.04069217657586966, 'a': 0.03685486597827634, 'this': 0.03525067398676586, 'was': 0.028302233477699158, 'but': 0.02388012449863861, 'and': 0.021169275568467663, 'DT': 0.021087036272026922}"
0.8862433862433863,0.8862043616760599,0.886773940345369,0.8862433862433863,0.88831,1,0.9047619047619048,0.8840970350404312,0.9010989010989011,0.8677248677248677,"[1640590, 1648099, 1651727, 1640705, 1648120, 1644418, 1640767, 1644455, 1644491, 1640763, 1651680, 1648133, 1648211, 1648215, 1648224, 1640768, 1640654, 1644395]","[1662616, 1669706, 1668504, 1668308, 1668736, 1663156, 1662905, 1663028, 1662815, 1662722, 1663140, 1668662, 1668552, 1668588, 1663025, 1665807, 1669683, 1665487, 1662962, 1663054, 1665948, 1665833, 1668624, 1662704, 1665900]","{'i': 0.09138597688233623, 'RB': 0.05497144677718373, 'VBD': 0.04440386069159402, 'sentiment': 0.043744198593645686, 'a': 0.04197468342264355, 'this': 0.03720275730679946, 'was': 0.03234021417724366, 'but': 0.025321336146002803, 'DT': 0.022086498981718813, 'my': 0.018878418526524565}"
0.8835978835978836,0.8835163603765127,0.8846747705005473,0.8835978835978836,0.8866,1,0.91005291005291,0.8804347826086957,0.9050279329608939,0.8571428571428571,"[1648161, 1648215, 1644496, 1644418, 1644355, 1644489, 1640654, 1644493, 1644253, 1651680, 1648193, 1644239, 1648217, 1648151, 1640773, 1648022, 1640768]","[1669578, 1665661, 1668366, 1663147, 1662826, 1662817, 1665882, 1665488, 1662722, 1665949, 1665881, 1665694, 1669572, 1665827, 1662639, 1668415, 1668588, 1662818, 1668490, 1668852, 1662660, 1665470, 1669650, 1668839, 1668855, 1669652, 1665472]","{'i': 0.09506433767158333, 'RB': 0.062398325555616745, 'VBD': 0.04283102538924759, 'sentiment': 0.03597331836013466, 'this': 0.033953247726621345, 'was': 0.031323694498170726, 'a': 0.026511788135066647, 'so': 0.02553218237613451, 'DT': 0.02462319775808652, 'but': 0.023992694929906192}"
